folder,run,refreshPeriodTicks,swapchainRefreshNs,swapchainRefreshReads,swapchainRefreshReadsFixed,gsync,load,pacer,holdMethod,vsyncSource,vsyncPhasePercent,targetSwapInterval,framesInFlight,presentTiming,presentFeedback,workMedianTicks,startStepMedianTicks,startStepP1Ticks,startStepP99Ticks,frames,framesTimed,shownForSwapInterval,shownLonger,shownShorter,neverShown,refreshesLost,firstSlowerFrame,finalSwapInterval,mostLateFramesInWindow,lateFramesToSlowDown,feedbackUsed,feedbackRefused,feedbackNotShown,feedbackLateRefreshes,powerPlan,swapchainImages,acquireWait,holdStart,presentToDisplayMedianTicks,vblankIntervalMilliPeriods,vblankOffPeriodPerMille
balanced-240hz-single-phase-sweep,phase05_idle,41664,4166500,7,7,off,idle,fixed,vsync,dxgi,5,2,1,1,0,2773,83334,82619,84199,400,332,331,0,0,0,0,0,2,2,25,0,0,0,0,Balanced,2,0,,38862,1001,0
balanced-240hz-single-phase-sweep,phase05_loaded,41664,4166500,1,1,off,loaded,fixed,vsync,dxgi,5,2,1,1,0,2988,83329,82496,84213,400,332,330,1,0,0,14,0,2,1,25,0,0,0,0,Balanced,2,0,,39331,1000,0
balanced-240hz-single-phase-sweep,phase15_idle,41664,4165900,17,17,off,idle,fixed,vsync,dxgi,15,2,1,1,0,2716,83354,82381,84145,400,332,331,0,0,0,0,0,2,0,25,0,0,0,0,Balanced,2,0,,34773,1002,0
balanced-240hz-single-phase-sweep,phase15_loaded,41664,4166500,8,8,off,loaded,fixed,vsync,dxgi,15,2,1,1,0,3092,83329,75677,90959,400,332,328,2,1,0,6,0,2,1,25,0,0,0,0,Balanced,2,0,,35102,1002,31
balanced-240hz-single-phase-sweep,phase25_idle,41664,4166300,6,6,off,idle,fixed,vsync,dxgi,25,2,1,1,0,2779,83341,82473,84162,400,332,331,0,0,0,0,0,2,0,25,0,0,0,0,Balanced,2,0,,30605,1000,0
balanced-240hz-single-phase-sweep,phase25_loaded,41664,4166500,3,3,off,loaded,fixed,vsync,dxgi,25,2,1,1,0,3096,83336,80826,90677,400,332,330,1,0,0,3,0,2,1,25,0,0,0,0,Balanced,2,0,,30943,1001,31
balanced-240hz-single-phase-sweep,phase35_idle,41664,4166400,15,15,off,idle,fixed,vsync,dxgi,35,2,1,1,0,2765,83339,82578,84014,400,332,331,0,0,0,0,0,2,0,25,0,0,0,0,Balanced,2,0,,26446,1000,0
balanced-240hz-single-phase-sweep,phase35_loaded,41664,4166500,9,9,off,loaded,fixed,vsync,dxgi,35,2,1,1,0,3085,83327,80453,92486,400,332,326,3,2,0,21,0,2,3,25,0,0,0,0,Balanced,2,0,,26784,1002,0
balanced-240hz-single-phase-sweep,phase45_idle,41664,4166100,11,11,off,idle,fixed,vsync,dxgi,45,2,1,1,0,2783,83319,82402,84234,400,332,331,0,0,0,0,0,2,0,25,0,0,0,0,Balanced,2,0,,22243,1000,0
balanced-240hz-single-phase-sweep,phase45_loaded,41664,4166500,18,18,off,loaded,fixed,vsync,dxgi,45,2,1,1,0,3090,83329,75869,95011,400,332,328,2,1,0,6,0,2,1,25,0,0,0,0,Balanced,2,0,,22599,1001,31
balanced-240hz-single-phase-sweep,phase55_idle,41664,4166400,26,26,off,idle,fixed,vsync,dxgi,55,2,1,1,0,2810,83337,82239,84379,400,332,331,0,0,0,0,0,2,0,25,0,0,0,0,Balanced,2,0,,18053,1000,0
balanced-240hz-single-phase-sweep,phase55_loaded,41664,4166500,7,7,off,loaded,fixed,vsync,dxgi,55,2,1,1,0,3080,83331,75996,97059,400,332,325,4,2,0,20,0,2,2,25,0,0,0,0,Balanced,2,0,,18443,1001,31
balanced-240hz-single-phase-sweep,phase65_idle,41664,4166500,15,15,off,idle,fixed,vsync,dxgi,65,2,1,1,0,2795,83322,82446,84170,400,332,331,0,0,0,0,0,2,0,25,0,0,0,0,Balanced,2,0,,13835,1000,0
balanced-240hz-single-phase-sweep,phase65_loaded,41664,4166400,6,6,off,loaded,fixed,vsync,dxgi,65,2,1,1,0,3023,83329,82270,84402,400,332,328,2,1,0,11,0,2,1,25,0,0,0,0,Balanced,2,0,,14278,1000,0
balanced-240hz-single-phase-sweep,phase75_idle,41664,4166400,12,12,off,idle,fixed,vsync,dxgi,75,2,1,1,0,2800,83316,82241,84113,400,332,329,1,1,0,1,0,2,0,25,0,0,0,0,Balanced,2,0,,9666,1000,0
balanced-240hz-single-phase-sweep,phase75_loaded,41664,4166500,11,11,off,loaded,fixed,vsync,dxgi,75,2,1,1,0,3070,83322,73086,90657,400,332,312,9,10,0,9,0,2,0,25,0,0,0,0,Balanced,2,0,,10122,1002,31
balanced-240hz-single-phase-sweep,phase85_idle,41664,4166400,9,9,off,idle,fixed,vsync,dxgi,85,2,1,1,0,2810,83340,82359,84333,400,332,318,8,5,0,9,0,2,1,25,0,0,0,0,Balanced,2,0,,5565,1001,0
balanced-240hz-single-phase-sweep,phase85_loaded,41664,4166500,13,13,off,loaded,fixed,vsync,dxgi,85,2,1,1,0,3005,83333,81782,84334,400,332,329,1,1,0,1,0,2,0,25,0,0,0,0,Balanced,2,0,,5948,1000,0
balanced-240hz-single-phase-sweep,phase95_idle,41664,4166400,20,20,off,idle,fixed,vsync,dxgi,95,2,1,1,0,3113,83378,80147,86855,400,332,331,0,0,0,0,0,2,1,25,0,0,0,0,Balanced,2,0,,43242,1000,0
balanced-240hz-single-phase-sweep,phase95_loaded,41664,4166500,15,15,off,loaded,fixed,vsync,dxgi,95,2,1,1,0,3089,83310,76847,88754,400,332,331,0,0,0,0,0,2,0,25,0,0,0,0,Balanced,2,0,,43246,1000,31
balanced-240hz-single-plain-vulkan,fps120_vsync_idle,41664,4166500,18,18,off,idle,fixed,vsync,dxgi,65,2,1,1,0,9089,83328,82391,84295,1200,1132,1131,0,0,0,0,0,2,1,25,0,0,0,0,Balanced,2,0,,13942,1000,0
balanced-240hz-single-plain-vulkan,fps120_vsync_loaded,41664,4166500,6,6,off,loaded,fixed,vsync,dxgi,65,2,1,1,0,9344,83324,78770,90634,1200,1132,1122,6,3,0,74,0,2,2,25,0,0,0,0,Balanced,2,0,,14268,1001,0
balanced-240hz-single-plain-vulkan,fps120_wait_idle,41664,4166400,5,5,off,idle,fixed,sleep,dxgi,65,2,1,1,0,8966,83329,83328,83331,1200,1132,1131,0,0,0,0,0,2,0,25,0,0,0,0,Balanced,2,0,,44152,1000,0
balanced-240hz-single-plain-vulkan,fps120_wait_loaded,41664,4166500,1,1,off,loaded,fixed,sleep,dxgi,65,2,1,1,0,9104,83329,83328,83341,1200,1132,1130,1,0,0,8,0,2,1,25,0,0,0,0,Balanced,2,0,,25498,1000,0
balanced-240hz-single-plain-vulkan,fps30_vsync_idle,41664,4166500,13,13,off,idle,fixed,vsync,dxgi,65,8,1,1,0,9281,333317,332353,334149,400,332,331,0,0,0,0,0,8,0,7,0,0,0,0,Balanced,2,0,,13885,1000,0
balanced-240hz-single-plain-vulkan,fps30_vsync_loaded,41664,4166500,10,10,off,loaded,fixed,vsync,dxgi,65,8,1,1,0,9372,333310,325532,340945,400,332,324,4,3,0,20,0,8,2,7,0,0,0,0,Balanced,2,0,,14283,1000,0
balanced-240hz-single-plain-vulkan,fps30_wait_idle,41664,4166500,23,23,off,idle,fixed,sleep,dxgi,65,8,1,1,0,9221,333313,333312,333338,400,332,329,1,1,0,2,0,8,0,7,0,0,0,0,Balanced,2,0,,32921,1000,0
balanced-240hz-single-plain-vulkan,fps30_wait_loaded,41664,4166500,9,9,off,loaded,fixed,sleep,dxgi,65,8,1,1,0,9371,333313,333312,333403,400,332,330,1,0,0,15,0,8,2,7,0,0,0,0,Balanced,2,0,,41356,1000,0
balanced-240hz-single-plain-vulkan,fps60_vsync_idle,41664,4166400,20,20,off,idle,fixed,vsync,dxgi,65,4,1,1,0,9128,166657,165767,167482,600,532,531,0,0,0,0,0,4,0,13,0,0,0,0,Balanced,2,0,,14034,1000,0
balanced-240hz-single-plain-vulkan,fps60_vsync_loaded,41664,4166500,13,13,off,loaded,fixed,vsync,dxgi,65,4,1,1,0,9180,166658,165784,167548,600,532,527,3,1,0,21,0,4,2,13,0,0,0,0,Balanced,2,0,,14285,1000,0
balanced-240hz-single-plain-vulkan,fps60_vsync_plain_idle,41664,0,0,0,off,idle,fixed,vsync,dxgi,65,4,1,0,0,9112,166658,165636,167727,600,0,0,0,0,0,0,0,4,1,13,0,0,0,0,Balanced,2,0,,0,1000,0
balanced-240hz-single-plain-vulkan,fps60_vsync_plain_loaded,41664,0,0,0,off,loaded,fixed,vsync,dxgi,65,4,1,0,0,9229,166658,165769,167522,600,0,0,0,0,0,0,0,4,2,13,0,0,0,0,Balanced,2,0,,0,1000,0
balanced-240hz-single-plain-vulkan,fps60_wait_idle,41664,4166400,17,17,off,idle,fixed,sleep,dxgi,65,4,1,1,0,9078,166657,166656,166717,600,532,531,0,0,0,0,0,4,0,13,0,0,0,0,Balanced,2,0,,26739,1000,0
balanced-240hz-single-plain-vulkan,fps60_wait_loaded,41664,4166400,12,12,off,loaded,fixed,sleep,dxgi,65,4,1,1,0,9377,166657,166656,166715,600,532,529,2,0,0,9,0,4,1,13,0,0,0,0,Balanced,2,0,,13848,1000,31
balanced-240hz-single-plain-vulkan,fps60_wait_plain_idle,41664,0,0,0,off,idle,fixed,sleep,dxgi,65,4,1,0,0,9062,166657,166656,166772,600,0,0,0,0,0,0,0,4,0,13,0,0,0,0,Balanced,2,0,,0,1000,0
balanced-240hz-single-plain-vulkan,fps60_wait_plain_loaded,41664,0,0,0,off,loaded,fixed,sleep,dxgi,65,4,1,0,0,9334,166657,166656,166875,600,0,0,0,0,0,0,0,4,2,13,0,0,0,0,Balanced,2,0,,0,999,31
balanced-240hz-single-plain-vulkan,w130_vsync_idle,41664,4166400,19,19,off,idle,adaptive,vsync,dxgi,65,1,1,1,0,52398,83326,82206,84526,2400,2332,2324,4,3,0,8,49,2,48,49,0,0,0,0,Balanced,2,0,,14169,1001,0
balanced-240hz-single-plain-vulkan,w130_vsync_loaded,41664,4166500,19,19,off,loaded,adaptive,vsync,dxgi,65,1,1,1,0,52514,83331,81743,85553,2400,2331,2319,5,5,1,41,49,2,48,49,0,0,0,0,Balanced,2,0,,14334,1000,0
balanced-240hz-single-plain-vulkan,w130_vsync_plain_idle,41664,0,0,0,off,idle,adaptive,vsync,dxgi,65,1,1,0,0,52124,83327,81933,84625,2400,0,0,0,0,0,0,49,2,48,49,0,0,0,0,Balanced,2,0,,0,1000,0
balanced-240hz-single-plain-vulkan,w130_vsync_plain_loaded,41664,0,0,0,off,loaded,adaptive,vsync,dxgi,65,1,1,0,0,52388,83328,80853,85673,2400,0,0,0,0,0,0,49,2,48,49,0,0,0,0,Balanced,2,0,,0,1001,0
balanced-240hz-single-plain-vulkan,w130_wait_idle,41664,4166400,11,11,off,idle,adaptive,sleep,dxgi,65,1,1,1,0,52215,83329,83328,83371,2400,2332,2330,1,0,0,1,49,2,48,49,0,0,0,0,Balanced,2,0,,25868,1000,0
balanced-240hz-single-plain-vulkan,w130_wait_loaded,41664,4166500,19,19,off,loaded,adaptive,sleep,dxgi,65,1,1,1,0,52497,83329,83328,83400,2400,2332,2327,4,0,0,36,49,2,48,49,0,0,0,0,Balanced,2,0,,29247,1001,0
balanced-240hz-single-plain-vulkan,w20_idle,41664,4166400,28,28,off,idle,adaptive,vsync,dxgi,65,1,1,1,0,9401,41655,40050,43280,2400,2330,2324,3,0,2,11,0,1,2,49,0,0,0,0,Balanced,2,0,,151954,1000,0
balanced-240hz-single-plain-vulkan,w20_loaded,41664,4166500,3,3,off,loaded,adaptive,vsync,dxgi,65,1,1,1,0,9342,41655,39868,43600,2400,2326,2317,4,0,6,28,0,1,4,49,0,0,0,0,Balanced,2,0,,152216,1000,0
balanced-240hz-single-plain-vulkan,w90_flight1_idle,41664,4166500,48,48,off,idle,adaptive,vsync,dxgi,65,1,1,1,0,36798,83306,38951,84220,2400,2311,2279,10,1,21,25,431,2,48,49,0,0,0,0,Balanced,2,0,,14301,1001,0
balanced-240hz-single-plain-vulkan,w90_flight1_loaded,41664,4166500,41,41,off,loaded,adaptive,vsync,dxgi,65,1,1,1,0,37134,83218,39695,86045,2400,2326,2305,8,6,6,21,760,2,48,49,0,0,0,0,Balanced,2,0,,14356,1000,0
balanced-240hz-single-plain-vulkan,w90_flight2_idle,41664,4166400,36,36,off,idle,adaptive,vsync,dxgi,65,1,2,1,0,36768,83322,38067,85825,2400,2300,2248,12,7,32,46,227,2,48,49,0,0,0,0,Balanced,2,0,,14221,1001,0
balanced-240hz-single-plain-vulkan,w90_flight2_loaded,41664,4166500,31,31,off,loaded,adaptive,vsync,dxgi,65,1,2,1,0,37061,83258,37968,84470,2400,2323,2302,9,3,9,61,640,2,48,49,0,0,0,0,Balanced,2,0,,14346,1001,0
balanced-240hz-single-plain-vulkan,w90_idle,41664,4166500,34,34,off,idle,adaptive,vsync,dxgi,65,1,1,1,0,36845,83279,38436,84675,2400,2292,2229,17,5,40,54,688,2,46,49,0,0,0,0,Balanced,2,0,,14326,1000,0
balanced-240hz-single-plain-vulkan,w90_loaded,41664,4166500,57,57,off,loaded,adaptive,vsync,dxgi,65,1,1,1,0,37036,83266,39711,87422,2400,2327,2291,18,12,5,37,581,2,48,49,0,0,0,0,Balanced,2,0,,14351,1000,15
balanced-60hz-single-plain-vulkan,fps20_vsync_idle,166675,16667800,32,32,off,idle,fixed,vsync,dxgi,65,3,1,1,0,31978,500045,498533,501720,400,332,331,0,0,0,0,0,3,0,5,0,0,0,0,Balanced,2,0,,57733,1000,0
balanced-60hz-single-plain-vulkan,fps20_vsync_loaded,166675,16667700,17,17,off,loaded,fixed,vsync,dxgi,65,3,1,1,0,32081,500035,497808,502488,400,332,331,0,0,0,0,0,3,0,5,0,0,0,0,Balanced,2,0,,57847,1000,0
balanced-60hz-single-plain-vulkan,fps20_vsync_plain_idle,166675,0,0,0,off,idle,fixed,vsync,dxgi,65,3,1,0,0,31893,500029,498834,501105,400,0,0,0,0,0,0,0,3,0,5,0,0,0,0,Balanced,2,0,,0,1000,0
balanced-60hz-single-plain-vulkan,fps20_vsync_plain_loaded,166675,0,0,0,off,loaded,fixed,vsync,dxgi,65,3,1,0,0,32003,500043,493959,503699,400,0,0,0,0,0,0,0,3,0,5,0,0,0,0,Balanced,2,0,,0,1000,0
balanced-60hz-single-plain-vulkan,fps20_wait_idle,166675,16667700,43,43,off,idle,fixed,sleep,dxgi,65,3,1,1,0,31958,500026,500025,500029,400,332,331,0,0,0,0,0,3,0,5,0,0,0,0,Balanced,2,0,,16704,1000,0
balanced-60hz-single-plain-vulkan,fps20_wait_loaded,166675,16667500,18,18,off,loaded,fixed,sleep,dxgi,65,3,1,1,0,32101,500026,500025,500052,400,332,329,1,1,0,1,0,3,0,5,0,0,0,0,Balanced,2,0,,28699,1000,0
balanced-60hz-single-plain-vulkan,fps20_wait_plain_idle,166675,0,0,0,off,idle,fixed,sleep,dxgi,65,3,1,0,0,31896,500026,500025,500027,400,0,0,0,0,0,0,0,3,0,5,0,0,0,0,Balanced,2,0,,0,1000,0
balanced-60hz-single-plain-vulkan,fps20_wait_plain_loaded,166675,0,0,0,off,loaded,fixed,sleep,dxgi,65,3,1,0,0,32043,500026,500025,500051,400,0,0,0,0,0,0,0,3,0,5,0,0,0,0,Balanced,2,0,,0,1000,0
balanced-60hz-single-plain-vulkan,fps30_vsync_idle,166675,16667500,42,42,off,idle,fixed,vsync,dxgi,65,2,1,1,0,31839,333362,332081,334274,450,382,381,0,0,0,0,0,2,0,7,0,0,0,0,Balanced,2,0,,57714,1000,0
balanced-60hz-single-plain-vulkan,fps30_vsync_loaded,166675,16667400,27,27,off,loaded,fixed,vsync,dxgi,65,2,1,1,0,32031,333356,321657,342394,450,382,378,2,1,0,3,0,2,1,7,0,0,0,0,Balanced,2,0,,57852,1000,0
balanced-60hz-single-plain-vulkan,fps30_wait_idle,166675,16667800,8,8,off,idle,fixed,sleep,dxgi,65,2,1,1,0,31836,333351,333350,333353,450,382,379,1,1,0,1,0,2,0,7,0,0,0,0,Balanced,2,0,,162640,1000,0
balanced-60hz-single-plain-vulkan,fps30_wait_loaded,166675,16667200,11,11,off,loaded,fixed,sleep,dxgi,65,2,1,1,0,32063,333351,333350,333695,450,382,381,0,0,0,0,0,2,0,7,0,0,0,0,Balanced,2,0,,151890,1001,0
balanced-60hz-single-plain-vulkan,w130_vsync_idle,166675,16667800,45,45,off,idle,adaptive,vsync,dxgi,65,1,1,1,0,221847,333366,332266,334324,900,832,829,1,1,0,1,13,2,12,13,0,0,0,0,Balanced,2,0,,57732,1000,0
balanced-60hz-single-plain-vulkan,w130_vsync_loaded,166675,16667700,15,15,off,loaded,adaptive,vsync,dxgi,65,1,1,1,0,222114,333360,330666,335616,900,832,828,2,1,0,2,13,2,12,13,0,0,0,0,Balanced,2,0,,57857,1000,0
balanced-60hz-single-plain-vulkan,w130_vsync_plain_idle,166675,0,0,0,off,idle,adaptive,vsync,dxgi,65,1,1,0,0,221769,333363,332473,334131,900,0,0,0,0,0,0,13,2,12,13,0,0,0,0,Balanced,2,0,,0,1000,0
balanced-60hz-single-plain-vulkan,w130_vsync_plain_loaded,166675,0,0,0,off,loaded,adaptive,vsync,dxgi,65,1,1,0,0,222032,333359,330316,336968,900,0,0,0,0,0,0,13,2,12,13,0,0,0,0,Balanced,2,0,,0,1000,0
balanced-60hz-single-plain-vulkan,w130_wait_idle,166675,16667800,52,52,off,idle,adaptive,sleep,dxgi,65,1,1,1,0,221854,333351,333350,333362,900,832,827,2,2,0,2,13,2,12,13,0,0,0,0,Balanced,2,0,,54079,1000,0
balanced-60hz-single-plain-vulkan,w130_wait_loaded,166675,16667600,25,25,off,loaded,adaptive,sleep,dxgi,65,1,1,1,0,221988,333351,333350,333397,900,829,822,1,2,3,8,13,2,12,13,0,0,0,0,Balanced,2,0,,126878,1000,0
balanced-60hz-single-plain-vulkan,w20_idle,166675,16667500,45,45,off,idle,adaptive,vsync,dxgi,65,1,1,1,0,31870,166640,163600,170091,900,830,828,0,0,2,0,0,1,1,13,0,0,0,0,Balanced,2,0,,628278,1000,0
balanced-60hz-single-plain-vulkan,w20_loaded,166675,16667500,26,26,off,loaded,adaptive,vsync,dxgi,65,1,1,1,0,31943,166682,163357,168799,900,829,826,0,0,3,0,0,1,2,13,0,0,0,0,Balanced,2,0,,628846,1000,0
balanced-60hz-single-plain-vulkan,w90_flight1_idle,166675,16667500,30,30,off,idle,adaptive,vsync,dxgi,65,1,1,1,0,151777,166686,155659,168623,900,832,831,0,0,0,0,0,1,1,13,0,0,0,0,Balanced,2,0,,509603,1000,0
balanced-60hz-single-plain-vulkan,w90_flight1_loaded,166675,16667300,23,23,off,loaded,adaptive,vsync,dxgi,65,1,1,1,0,151979,166635,153850,169232,900,831,829,0,0,1,0,0,1,1,13,0,0,0,0,Balanced,2,0,,509047,1000,0
balanced-60hz-single-plain-vulkan,w90_flight2_idle,166675,16667500,40,40,off,idle,adaptive,vsync,dxgi,65,1,2,1,0,151730,166703,163406,169170,900,832,830,1,0,0,2,0,1,1,13,0,0,0,0,Balanced,2,0,,675969,1000,0
balanced-60hz-single-plain-vulkan,w90_flight2_loaded,166675,16667500,25,25,off,loaded,adaptive,vsync,dxgi,65,1,2,1,0,151982,166695,164679,168910,900,832,831,0,0,0,0,0,1,2,13,0,0,0,0,Balanced,2,0,,675445,1000,0
balanced-60hz-single-plain-vulkan,w90_idle,166675,16667800,28,28,off,idle,adaptive,vsync,dxgi,65,1,1,1,0,151788,166610,153543,169609,900,826,819,0,0,6,0,0,1,4,13,0,0,0,0,Balanced,2,0,,509563,1000,0
balanced-60hz-single-plain-vulkan,w90_loaded,166675,16667600,29,29,off,loaded,adaptive,vsync,dxgi,65,1,1,1,0,152057,166621,153813,171239,900,828,824,1,0,4,1,0,1,1,13,0,0,0,0,Balanced,2,0,,508964,1000,0
hp-120hz-present-feedback,w130_feedback_off_idle,83333,8333500,26,26,off,idle,adaptive,sleep,dxgi,65,1,1,1,0,111264,166667,166666,166684,1500,1432,1429,2,0,0,2,25,2,24,25,0,0,0,0,High performance,2,0,,53215,1000,0
hp-120hz-present-feedback,w130_feedback_off_loaded,83333,8333500,3,3,off,loaded,adaptive,sleep,dxgi,65,1,1,1,0,111564,166667,166666,167500,1500,1432,1421,7,3,0,8,25,2,24,25,0,0,0,0,High performance,2,0,,38388,1000,0
hp-120hz-present-feedback,w130_feedback_on_idle,83333,8333500,27,27,off,idle,adaptive,sleep,dxgi,65,1,1,1,1,111277,166667,166666,166678,1500,1432,1429,2,0,0,3,26,2,24,25,1495,1,2,10,High performance,2,0,,29918,1000,0
hp-120hz-present-feedback,w130_feedback_on_loaded,83333,8333500,3,3,off,loaded,adaptive,sleep,dxgi,65,1,1,1,1,111443,166667,166666,166797,1500,1432,1423,7,1,0,17,26,2,24,25,1497,1,0,28,High performance,2,0,,24714,1000,0
hp-120hz-present-feedback,w20_feedback_off_idle,83333,8333100,12,12,off,idle,adaptive,sleep,dxgi,65,1,1,1,0,21212,83354,81207,85147,1500,1431,1428,1,0,1,3,0,1,3,25,0,0,0,0,High performance,2,0,,306368,1001,0
hp-120hz-present-feedback,w20_feedback_off_loaded,83333,8333500,3,3,off,loaded,adaptive,sleep,dxgi,65,1,1,1,0,21272,83334,81831,84638,1500,1431,1429,0,0,1,0,0,1,1,25,0,0,0,0,High performance,2,0,,306454,1000,0
hp-120hz-present-feedback,w20_feedback_on_idle,83333,8333200,28,28,off,idle,adaptive,sleep,dxgi,65,1,1,1,1,21247,83334,81159,85603,1500,1428,1423,2,0,4,3,0,1,4,25,1491,1,4,3,High performance,2,0,,306157,1001,0
hp-120hz-present-feedback,w20_feedback_on_loaded,83333,8333500,3,3,off,loaded,adaptive,sleep,dxgi,65,1,1,1,1,21486,83335,75558,87083,1500,1427,1422,1,0,5,1,0,1,3,25,1490,1,5,1,High performance,2,0,,306058,1000,0
hp-120hz-present-feedback,w90_feedback_off_idle,83333,8333100,16,16,off,idle,adaptive,sleep,dxgi,65,1,1,1,0,71229,83309,72986,85021,1500,1425,1415,4,0,7,6,0,1,3,25,0,0,0,0,High performance,2,0,,257017,1001,0
hp-120hz-present-feedback,w90_feedback_off_loaded,83333,8333500,3,3,off,loaded,adaptive,sleep,dxgi,65,1,1,1,0,71503,83162,73061,165149,1500,1410,1386,1,0,22,8,0,1,9,25,0,0,0,0,High performance,2,0,,256425,1000,0
hp-120hz-present-feedback,w90_feedback_on_idle,83333,8333100,20,20,off,idle,adaptive,sleep,dxgi,65,1,1,1,1,71225,83310,72895,85389,1500,1424,1416,3,0,8,3,0,1,4,25,1486,1,9,3,High performance,2,0,,257023,1001,0
hp-120hz-present-feedback,w90_feedback_on_loaded,83333,8333500,3,3,off,loaded,adaptive,sleep,dxgi,65,1,1,1,1,71486,83292,73085,91336,1500,1422,1412,2,0,10,5,0,1,4,25,1485,1,10,5,High performance,2,0,,256596,1000,0
hp-120hz-present-scheduling,half_scheduled_idle,83333,8333100,13,13,off,idle,fixed,scheduled,dxgi,65,2,1,1,1,1259,166667,166666,166728,400,332,330,1,0,0,1,0,2,1,13,396,1,1,0,High performance,2,0,,37675,1001,0
hp-120hz-present-scheduling,half_scheduled_loaded,83333,8333500,2,2,off,loaded,fixed,scheduled,dxgi,65,2,1,1,1,1437,166667,166666,166685,400,332,331,0,0,0,0,0,2,0,13,396,1,1,0,High performance,2,0,,18962,1000,0
hp-120hz-present-scheduling,half_wait_idle,83333,8333200,6,6,off,idle,fixed,sleep,dxgi,65,2,1,1,1,1232,166667,166666,166668,400,332,331,0,0,0,0,0,2,0,13,397,1,0,0,High performance,2,0,,13327,1000,0
hp-120hz-present-scheduling,half_wait_loaded,83333,8333500,3,3,off,loaded,fixed,sleep,dxgi,65,2,1,1,1,1576,166667,166666,172671,400,332,325,5,1,0,7,0,2,2,13,397,1,0,5,High performance,2,0,,26111,1000,0
hp-120hz-present-scheduling,slow_scheduled_idle,83333,8333200,25,25,off,idle,fixed,scheduled,dxgi,65,4,1,1,1,1382,333333,333332,333368,400,332,329,1,1,0,1,0,4,0,7,397,1,0,0,High performance,2,0,,19174,1000,0
hp-120hz-present-scheduling,slow_scheduled_loaded,83333,8333500,3,3,off,loaded,fixed,scheduled,dxgi,65,4,1,1,1,1585,333333,333332,333358,400,332,329,1,1,0,2,0,4,1,7,397,1,0,0,High performance,2,0,,18603,1000,0
hp-120hz-present-scheduling,slow_wait_idle,83333,8333500,23,23,off,idle,fixed,sleep,dxgi,65,4,1,1,1,1319,333333,333332,333345,400,332,331,0,0,0,0,0,4,0,7,397,1,0,0,High performance,2,0,,25591,1000,0
hp-120hz-present-scheduling,slow_wait_loaded,83333,8333500,7,7,off,loaded,fixed,sleep,dxgi,65,4,1,1,1,1558,333333,333332,333527,400,332,327,2,2,0,17,0,4,1,7,397,1,0,21,High performance,2,0,,17908,1000,0
hp-120hz-present-scheduling,w130_scheduled_idle,83333,8333500,23,23,off,idle,adaptive,scheduled,dxgi,65,1,1,1,1,111297,166667,166666,166668,600,532,531,0,0,0,0,26,2,24,25,596,1,1,8,High performance,2,0,,50396,1000,0
hp-120hz-present-scheduling,w130_scheduled_loaded,83333,8333500,3,3,off,loaded,adaptive,scheduled,dxgi,65,1,1,1,1,111580,166667,166666,166787,600,532,531,0,0,0,0,26,2,24,25,597,1,0,8,High performance,2,0,,74537,1000,0
hp-120hz-present-scheduling,w130_wait_idle,83333,8333200,23,23,off,idle,adaptive,sleep,dxgi,65,1,1,1,1,111304,166667,166666,166703,600,532,529,1,1,0,1,26,2,24,25,595,1,2,8,High performance,2,0,,18798,1000,0
hp-120hz-present-scheduling,w130_wait_loaded,83333,8333500,3,3,off,loaded,adaptive,sleep,dxgi,65,1,1,1,1,111457,166667,166666,166739,600,532,526,3,2,0,4,26,2,24,25,597,1,0,10,High performance,2,0,,42550,1000,0
hp-240hz-audit-probe-fixed1-w86,w94_acquirewait,41664,4166500,4,4,off,,fixed,sleep,dxgi,65,1,1,1,0,38413,41630,40112,43813,2400,2327,2316,6,0,5,9,0,1,6,49,0,0,0,0,High performance,2,1,,119953,1001,0
hp-240hz-audit-probe-fixed1-w86,w94_base,41664,4166400,4,4,off,,fixed,sleep,dxgi,65,1,1,1,0,39405,41015,38316,84056,2400,2240,2103,44,0,92,96,0,1,46,49,0,0,0,0,High performance,2,0,,99513,1000,0
hp-240hz-audit-probe-fixed1-w86,w94_holdpacer,41664,4166500,32,32,off,,fixed,sleep,dxgi,65,1,1,1,0,40365,41743,41664,46815,2400,2327,2264,57,0,5,61,0,1,206,49,0,0,0,0,High performance,2,0,pacer,98939,1000,0
hp-240hz-audit-probe-fixed1-w86,w94_holdvsync,41664,4166500,46,46,off,,fixed,sleep,dxgi,65,1,1,1,0,38554,42380,39037,86171,2400,2176,1828,195,0,156,320,0,1,155,49,0,0,0,0,High performance,2,0,vsync,117080,1000,0
hp-240hz-audit-probe-fixed1,fullscreen_heavy,41664,4166400,14,14,off,,fixed,sleep,dxgi,65,1,1,1,0,34807,39708,33699,84601,2400,2229,2125,1,0,103,12,0,1,28,49,0,0,0,0,High performance,2,0,,124307,1000,0
hp-240hz-audit-probe-fixed1,fullscreen_heavy_holdvsync,41664,4166400,8,8,off,,fixed,sleep,dxgi,65,1,1,1,0,34949,41658,39945,43244,2400,2330,2323,4,0,2,5,0,1,5,49,0,0,0,0,High performance,2,0,vsync,81142,1000,0
hp-240hz-audit-probe-fixed1,w94_acquirewait,41664,4166500,40,40,off,,fixed,sleep,dxgi,65,1,1,1,0,42557,44014,41924,50040,2400,2317,2138,163,0,15,165,0,1,392,49,0,0,0,0,High performance,2,1,,93877,1000,0
hp-240hz-audit-probe-fixed1,w94_base,41664,4166500,4,4,off,,fixed,sleep,dxgi,65,1,1,1,0,41154,42466,40833,46167,2400,2319,2240,65,0,13,78,0,1,229,49,0,0,0,0,High performance,2,0,,115670,1001,0
hp-240hz-audit-probe-fixed1,w94_flight2,41664,4166400,3,3,off,,fixed,sleep,dxgi,65,1,2,1,0,42387,42097,39154,84205,2400,2276,2176,43,0,56,102,0,1,368,49,0,0,0,0,High performance,2,0,,154232,1000,0
hp-240hz-audit-probe-fixed1,w94_holdpacer,41664,4166500,38,38,off,,fixed,sleep,dxgi,65,1,1,1,0,42575,44116,41665,49213,2400,2314,2138,159,0,18,166,0,1,365,49,0,0,0,0,High performance,2,0,pacer,97330,1000,0
hp-240hz-audit-probe-fixed1,w94_holdvsync,41664,4166500,19,19,off,,fixed,sleep,dxgi,65,1,1,1,0,41280,43243,41241,62390,2400,2325,2121,197,0,7,206,0,1,235,49,0,0,0,0,High performance,2,0,vsync,71161,1000,0
hp-240hz-audit-probe-fixed1,w94_images3,41664,4166500,38,38,off,,fixed,sleep,dxgi,65,1,1,1,0,42750,44189,41415,48657,2400,2321,2156,153,0,11,154,0,1,344,49,0,0,0,0,High performance,3,0,,115413,1001,0
hp-240hz-audit-probe-fixed1,w94_images3_acquirewait,41664,4166500,30,30,off,,fixed,sleep,dxgi,65,1,1,1,0,42844,44397,41382,49626,2400,2322,2148,163,0,10,169,0,1,389,49,0,0,0,0,High performance,3,1,,118375,1000,0
hp-240hz-audit-probe,fullscreen_heavy,41664,4166400,8,8,off,,adaptive,sleep,dxgi,65,1,1,1,0,34193,40680,33590,84100,2400,2245,2155,3,0,87,5,0,1,24,49,0,0,0,0,High performance,2,0,,126082,1001,0
hp-240hz-audit-probe,fullscreen_heavy_holdvsync,41664,4166400,7,7,off,,adaptive,sleep,dxgi,65,1,1,1,0,34581,41662,40867,42491,2400,2331,2326,3,0,1,7,0,1,3,49,0,0,0,0,High performance,2,0,vsync,81237,1000,0
hp-240hz-audit-probe,fullscreen_light,41664,4166400,6,6,off,,adaptive,sleep,dxgi,65,1,1,1,0,11241,41659,38682,43973,2400,2326,2320,1,0,6,5,0,1,3,49,0,0,0,0,High performance,2,0,,150065,1000,0
hp-240hz-audit-probe,w20_acquirewait,41664,4166500,31,31,off,,adaptive,sleep,dxgi,65,1,1,1,0,9373,41650,39190,43912,2400,2328,2322,1,0,4,4,0,1,3,49,0,0,0,0,High performance,2,1,,119562,1000,0
hp-240hz-audit-probe,w20_base,41664,4166500,13,13,off,,adaptive,sleep,dxgi,65,1,1,1,0,9127,41662,40096,43325,2400,2332,2328,3,0,0,13,0,1,2,49,0,0,0,0,High performance,2,0,,152571,1001,0
hp-240hz-audit-probe,w20_flight2,41664,4166400,4,4,off,,adaptive,sleep,dxgi,65,1,2,1,0,9079,41642,39923,43528,2400,2329,2324,1,0,3,6,0,1,4,49,0,0,0,0,High performance,2,0,,194382,1000,0
hp-240hz-audit-probe,w20_holdpacer,41664,4166400,26,26,off,,adaptive,sleep,dxgi,65,1,1,1,0,9137,41665,41664,41667,2400,2329,2326,0,0,3,0,0,1,1,49,0,0,0,0,High performance,2,0,pacer,30889,1000,0
hp-240hz-audit-probe,w20_holdvsync,41664,4166500,28,28,off,,adaptive,sleep,dxgi,65,1,1,1,0,9211,41683,28193,55016,2400,2328,2324,1,0,4,2,0,1,1,49,0,0,0,0,High performance,2,0,vsync,120120,1000,0
hp-240hz-audit-probe,w20_images3,41664,4166500,18,18,off,,adaptive,sleep,dxgi,65,1,1,1,0,9164,41726,11325,83329,2400,2279,2220,5,1,53,12,265,1,48,49,0,0,0,0,High performance,3,0,,152154,1001,0
hp-240hz-audit-probe,w20_images3_acquirewait,41664,4166400,45,45,off,,adaptive,sleep,dxgi,65,1,1,1,0,9441,41643,39088,44071,2400,2326,2320,2,0,6,2,0,1,3,49,0,0,0,0,High performance,3,1,,160868,1000,0
hp-240hz-audit-probe,w94_acquirewait,41664,4166500,27,27,off,,adaptive,sleep,dxgi,65,1,1,1,0,36858,83329,41795,83398,2400,2331,2318,9,2,1,13,154,2,48,49,0,0,0,0,High performance,2,1,,12473,1000,0
hp-240hz-audit-probe,w94_base,41664,4166500,36,36,off,,adaptive,sleep,dxgi,65,1,1,1,0,36984,83329,41327,83371,2400,2327,2313,5,3,5,8,144,2,48,49,0,0,0,0,High performance,2,0,,31894,1000,0
hp-240hz-audit-probe,w94_flight2,41664,4166500,44,44,off,,adaptive,sleep,dxgi,65,1,2,1,0,36893,83329,40725,83350,2400,2320,2297,6,4,12,22,154,2,48,49,0,0,0,0,High performance,2,0,,27240,1000,0
hp-240hz-audit-probe,w94_holdpacer,41664,4166500,26,26,off,,adaptive,sleep,dxgi,65,1,1,1,0,36852,83329,41665,83368,2400,2329,2316,4,5,3,15,150,2,48,49,0,0,0,0,High performance,2,0,pacer,26868,1000,0
hp-240hz-audit-probe,w94_holdvsync,41664,4166500,45,45,off,,adaptive,sleep,dxgi,65,1,1,1,0,36852,83329,39784,83372,2400,2324,2296,16,3,8,29,417,2,48,49,0,0,0,0,High performance,2,0,vsync,33697,1000,0
hp-240hz-audit-probe,w94_images3,41664,4166400,31,31,off,,adaptive,sleep,dxgi,65,1,1,1,0,36820,83329,42160,83411,2400,2328,2310,7,6,4,18,148,2,48,49,0,0,0,0,High performance,3,0,,22083,1000,0
hp-240hz-audit-probe,w94_images3_acquirewait,41664,4166400,17,17,off,,adaptive,sleep,dxgi,65,1,1,1,0,36859,83329,41617,83399,2400,2322,2296,9,7,10,31,160,2,48,49,0,0,0,0,High performance,3,1,,13304,1000,0
hp-240hz-present-feedback,w130_feedback_off_idle,41664,4166500,39,39,off,idle,adaptive,sleep,dxgi,65,1,1,1,0,52592,83329,83328,83360,2400,2331,2300,16,13,1,25,49,2,48,49,0,0,0,0,High performance,2,0,,42693,1000,0
hp-240hz-present-feedback,w130_feedback_off_loaded,41664,4166500,24,24,off,loaded,adaptive,sleep,dxgi,65,1,1,1,0,52962,83329,83328,83401,2400,2331,2326,2,1,1,45,49,2,48,49,0,0,0,0,High performance,2,0,,42704,1001,0
hp-240hz-present-feedback,w130_feedback_on_idle,41664,4166400,32,32,off,idle,adaptive,sleep,dxgi,65,1,1,1,1,52586,83329,83328,83392,2400,2327,2307,5,10,5,17,50,2,48,49,2387,1,10,23,High performance,2,0,,26635,1000,0
hp-240hz-present-feedback,w130_feedback_on_loaded,41664,4166500,9,9,off,loaded,adaptive,sleep,dxgi,65,1,1,1,1,52816,83329,83328,83546,2400,2332,2302,19,10,0,87,50,2,48,49,2394,1,3,91,High performance,2,0,,24070,1001,0
hp-240hz-present-feedback,w20_feedback_off_idle,41664,4166500,4,4,off,idle,adaptive,sleep,dxgi,65,1,1,1,0,9058,41640,40065,43247,2400,2329,2324,2,0,3,4,0,1,4,49,0,0,0,0,High performance,2,0,,152720,1000,0
hp-240hz-present-feedback,w20_feedback_off_loaded,41664,4166400,4,4,off,loaded,adaptive,sleep,dxgi,65,1,1,1,0,9177,41643,39794,43957,2400,2330,2323,4,0,2,4,0,1,6,49,0,0,0,0,High performance,2,0,,152466,1000,0
hp-240hz-present-feedback,w20_feedback_on_idle,41664,4166500,50,50,off,idle,adaptive,sleep,dxgi,65,1,1,1,1,9110,41656,39584,43755,2400,2332,2331,0,0,0,0,0,1,1,49,2391,1,4,0,High performance,2,0,,152152,1001,0
hp-240hz-present-feedback,w20_feedback_on_loaded,41664,4166500,25,25,off,loaded,adaptive,sleep,dxgi,65,1,1,1,1,9345,41644,39132,43879,2400,2326,2321,2,0,6,48,0,1,3,49,2389,1,6,50,High performance,2,0,,152055,1000,0
hp-240hz-present-feedback,w90_feedback_off_idle,41664,4166500,28,28,off,idle,adaptive,sleep,dxgi,65,1,1,1,0,36772,83329,39786,83338,2400,2327,2310,7,4,5,16,241,2,48,49,0,0,0,0,High performance,2,0,,12394,1000,0
hp-240hz-present-feedback,w90_feedback_off_loaded,41664,4166500,32,32,off,loaded,adaptive,sleep,dxgi,65,1,1,1,0,37051,83329,41924,83508,2400,2332,2291,22,18,0,74,143,2,48,49,0,0,0,0,High performance,2,0,,27282,1001,0
hp-240hz-present-feedback,w90_feedback_on_idle,41664,4166400,24,24,off,idle,adaptive,sleep,dxgi,65,1,1,1,1,36838,83329,40865,83364,2400,2329,2307,10,8,3,21,197,2,48,49,2387,1,10,15,High performance,2,0,,27740,1000,0
hp-240hz-present-feedback,w90_feedback_on_loaded,41664,4166500,23,23,off,loaded,adaptive,sleep,dxgi,65,1,1,1,1,37112,83329,41290,83710,2400,2329,2297,19,9,3,51,168,2,48,49,2393,1,4,46,High performance,2,0,,12659,1000,0
hp-240hz-present-scheduling,fps120_scheduled_idle,41664,4166400,23,23,off,idle,fixed,scheduled,dxgi,65,2,1,1,0,9107,83329,83328,83331,2400,2331,2326,3,0,1,7,0,2,2,25,0,0,0,0,High performance,2,0,,42706,1000,0
hp-240hz-present-scheduling,fps120_scheduled_loaded,41664,4166500,30,30,off,loaded,fixed,scheduled,dxgi,65,2,1,1,0,9391,83329,83328,83619,2400,2332,2320,9,2,0,68,0,2,4,25,0,0,0,0,High performance,2,0,,43020,1001,0
hp-240hz-present-scheduling,fps120_wait_idle,41664,4166500,32,32,off,idle,fixed,sleep,dxgi,65,2,1,1,0,9076,83329,83328,83417,2400,2330,2204,64,59,2,84,0,2,3,25,0,0,0,0,High performance,2,0,,15311,1000,0
hp-240hz-present-scheduling,fps120_wait_loaded,41664,4166500,23,23,off,loaded,fixed,sleep,dxgi,65,2,1,1,0,9351,83329,83328,84326,2400,2332,2313,12,6,0,54,0,2,3,25,0,0,0,0,High performance,2,0,,27751,1001,0
hp-240hz-present-scheduling,fps60_scheduled_idle,41664,4166400,49,49,off,idle,fixed,scheduled,dxgi,65,4,1,1,0,9148,166657,166656,166703,1200,1132,1117,7,7,0,7,0,4,1,13,0,0,0,0,High performance,2,0,,14322,1000,0
hp-240hz-present-scheduling,fps60_scheduled_loaded,41664,4166500,17,17,off,loaded,fixed,scheduled,dxgi,65,4,1,1,0,9429,166657,166656,166845,1200,1132,1127,4,0,0,26,0,4,3,13,0,0,0,0,High performance,2,0,,27794,1000,0
hp-240hz-present-scheduling,fps60_wait_idle,41664,4166600,7,7,off,idle,fixed,sleep,dxgi,65,4,1,1,0,9096,166657,166656,166696,1200,1131,1100,15,14,1,23,0,4,1,13,0,0,0,0,High performance,2,0,,6512,1000,0
hp-240hz-present-scheduling,fps60_wait_loaded,41664,4166500,10,10,off,loaded,fixed,sleep,dxgi,65,4,1,1,0,9314,166657,166656,166787,1200,1132,1117,10,4,0,73,0,4,3,13,0,0,0,0,High performance,2,0,,24247,1000,0
hp-240hz-present-scheduling,w130_scheduled_idle,41664,4166400,46,46,off,idle,adaptive,scheduled,dxgi,65,1,1,1,0,52648,83329,83328,83402,2400,2326,2320,2,0,6,12,49,2,48,49,0,0,0,0,High performance,2,0,,175494,1000,0
hp-240hz-present-scheduling,w130_scheduled_loaded,41664,4166400,24,24,off,loaded,adaptive,scheduled,dxgi,65,1,1,1,0,52731,83329,83328,83416,2400,2331,2325,4,0,1,48,49,2,48,49,0,0,0,0,High performance,2,0,,90906,1000,0
hp-240hz-present-scheduling,w130_wait_idle,41664,4166400,21,21,off,idle,adaptive,sleep,dxgi,65,1,1,1,0,52225,83329,83328,83371,2400,2332,2322,5,4,0,18,49,2,48,49,0,0,0,0,High performance,2,0,,21633,1000,0
hp-240hz-present-scheduling,w130_wait_loaded,41664,4166500,25,25,off,loaded,adaptive,sleep,dxgi,65,1,1,1,0,52601,83329,83328,83566,2400,2332,2270,35,26,0,117,49,2,48,49,0,0,0,0,High performance,2,0,,42021,1000,0
hp-240hz-single-phase-sweep,phase05_idle,41664,4166300,9,9,off,idle,fixed,vsync,dxgi,5,2,1,1,0,2720,83322,82432,84134,400,332,331,0,0,0,0,0,2,0,25,0,0,0,0,High performance,2,0,,38944,1002,0
hp-240hz-single-phase-sweep,phase05_loaded,41664,4166500,1,1,off,loaded,fixed,vsync,dxgi,5,2,1,1,0,3026,83337,82575,84041,400,332,331,0,0,0,0,0,2,0,25,0,0,0,0,High performance,2,0,,39333,1000,0
hp-240hz-single-phase-sweep,phase15_idle,41664,4166400,6,6,off,idle,fixed,vsync,dxgi,15,2,1,1,0,2743,83327,82456,84184,400,332,331,0,0,0,0,0,2,0,25,0,0,0,0,High performance,2,0,,34674,1002,0
hp-240hz-single-phase-sweep,phase15_loaded,41664,4166500,9,9,off,loaded,fixed,vsync,dxgi,15,2,1,1,0,3100,83325,81936,85424,400,332,330,1,0,0,1,0,2,1,25,0,0,0,0,High performance,2,0,,35111,1002,0
hp-240hz-single-phase-sweep,phase25_idle,41664,4166200,13,13,off,idle,fixed,vsync,dxgi,25,2,1,1,0,2787,83337,82654,83981,400,332,331,0,0,0,0,0,2,0,25,0,0,0,0,High performance,2,0,,30660,1000,0
hp-240hz-single-phase-sweep,phase25_loaded,41664,4166500,7,7,off,loaded,fixed,vsync,dxgi,25,2,1,1,0,3096,83330,80099,86140,400,332,331,0,0,0,0,0,2,0,25,0,0,0,0,High performance,2,0,,30936,1002,31
hp-240hz-single-phase-sweep,phase35_idle,41664,4166400,6,6,off,idle,fixed,vsync,dxgi,35,2,1,1,0,2765,83322,82598,84003,400,332,331,0,0,0,0,0,2,0,25,0,0,0,0,High performance,2,0,,26477,1000,0
hp-240hz-single-phase-sweep,phase35_loaded,41664,4166500,15,15,off,loaded,fixed,vsync,dxgi,35,2,1,1,0,3029,83327,82444,85817,400,332,329,1,1,0,2,0,2,1,25,0,0,0,0,High performance,2,0,,26783,1000,0
hp-240hz-single-phase-sweep,phase45_idle,41664,4166400,14,14,off,idle,fixed,vsync,dxgi,45,2,1,1,0,2764,83313,82354,84268,400,332,331,0,0,0,0,0,2,0,25,0,0,0,0,High performance,2,0,,22138,1001,0
hp-240hz-single-phase-sweep,phase45_loaded,41664,4166500,11,11,off,loaded,fixed,vsync,dxgi,45,2,1,1,0,3076,83336,79837,86801,400,332,330,1,0,0,17,0,2,1,25,0,0,0,0,High performance,2,0,,22600,1002,0
hp-240hz-single-phase-sweep,phase55_idle,41664,4166400,14,14,off,idle,fixed,vsync,dxgi,55,2,1,1,0,2818,83350,82313,84263,400,332,331,0,0,0,0,0,2,0,25,0,0,0,0,High performance,2,0,,18066,1000,0
hp-240hz-single-phase-sweep,phase55_loaded,41664,4166500,5,5,off,loaded,fixed,vsync,dxgi,55,2,1,1,0,3106,83319,77404,86053,400,332,328,2,1,0,20,0,2,2,25,0,0,0,0,High performance,2,0,,18433,1001,0
hp-240hz-single-phase-sweep,phase65_idle,41664,4166400,9,9,off,idle,fixed,vsync,dxgi,65,2,1,1,0,2789,83343,82157,84221,400,332,331,0,0,0,0,0,2,0,25,0,0,0,0,High performance,2,0,,13839,1000,0
hp-240hz-single-phase-sweep,phase65_loaded,41664,4166500,13,13,off,loaded,fixed,vsync,dxgi,65,2,1,1,0,3060,83336,75967,90606,400,332,327,3,1,0,12,0,2,2,25,0,0,0,0,High performance,2,0,,14283,1001,15
hp-240hz-single-phase-sweep,phase75_idle,41664,4166400,7,7,off,idle,fixed,vsync,dxgi,75,2,1,1,0,2808,83335,82394,84223,400,332,331,0,0,0,0,0,2,0,25,0,0,0,0,High performance,2,0,,9658,1000,0
hp-240hz-single-phase-sweep,phase75_loaded,41664,4166500,7,7,off,loaded,fixed,vsync,dxgi,75,2,1,1,0,3060,83341,80808,91084,400,332,324,5,2,0,13,0,2,2,25,0,0,0,0,High performance,2,0,,10097,1001,0
hp-240hz-single-phase-sweep,phase85_idle,41664,4166400,19,19,off,idle,fixed,vsync,dxgi,85,2,1,1,0,2855,83328,82398,84252,400,332,305,13,13,0,13,0,2,0,25,0,0,0,0,High performance,2,0,,5554,1000,0
hp-240hz-single-phase-sweep,phase85_loaded,41664,4166400,6,6,off,loaded,fixed,vsync,dxgi,85,2,1,1,0,3050,83323,76135,91054,400,332,304,14,13,0,34,0,2,1,25,0,0,0,0,High performance,2,0,,5949,999,31
hp-240hz-single-phase-sweep,phase95_idle,41664,4166400,15,15,off,idle,fixed,vsync,dxgi,95,2,1,1,0,3312,83314,79884,87334,400,332,331,0,0,0,0,0,2,1,25,0,0,0,0,High performance,2,0,,43240,1000,0
hp-240hz-single-phase-sweep,phase95_loaded,41664,4166500,14,14,off,loaded,fixed,vsync,dxgi,95,2,1,1,0,3088,83355,76639,89014,400,332,331,0,0,0,0,0,2,0,25,0,0,0,0,High performance,2,0,,43263,1001,31
hp-240hz-single-plain-vulkan,fps120_vsync_idle,41664,4166400,22,22,off,idle,fixed,vsync,dxgi,65,2,1,1,0,9101,83334,82433,84124,1200,1131,1126,2,1,1,3,0,2,1,25,0,0,0,0,High performance,2,0,,14105,1000,0
hp-240hz-single-plain-vulkan,fps120_vsync_loaded,41664,4166500,15,15,off,loaded,fixed,vsync,dxgi,65,2,1,1,0,9276,83328,81534,84901,1200,1132,1131,0,0,0,0,0,2,2,25,0,0,0,0,High performance,2,0,,14271,1000,0
hp-240hz-single-plain-vulkan,fps120_wait_idle,41664,4166000,14,14,off,idle,fixed,sleep,dxgi,65,2,1,1,0,8926,83329,83328,83350,1200,1132,1129,2,0,0,4,0,2,2,25,0,0,0,0,High performance,2,0,,27102,1002,0
hp-240hz-single-plain-vulkan,fps120_wait_loaded,41664,4166500,1,1,off,loaded,fixed,sleep,dxgi,65,2,1,1,0,9246,83329,83328,83408,1200,1132,1118,7,6,0,12,0,2,1,25,0,0,0,0,High performance,2,0,,34257,1000,0
hp-240hz-single-plain-vulkan,fps30_vsync_idle,41664,4166400,35,35,off,idle,fixed,vsync,dxgi,65,8,1,1,0,9167,333301,332376,334258,400,332,331,0,0,0,0,0,8,0,7,0,0,0,0,High performance,2,0,,14247,1000,0
hp-240hz-single-plain-vulkan,fps30_vsync_loaded,41664,4166500,11,11,off,loaded,fixed,vsync,dxgi,65,8,1,1,0,9315,333310,326646,351356,400,331,325,2,2,1,13,0,8,3,7,0,0,0,0,High performance,2,0,,14312,1000,0
hp-240hz-single-plain-vulkan,fps30_wait_idle,41664,4166400,32,32,off,idle,fixed,sleep,dxgi,65,8,1,1,0,9137,333313,333312,333315,400,332,331,0,0,0,0,0,8,0,7,0,0,0,0,High performance,2,0,,11496,1000,0
hp-240hz-single-plain-vulkan,fps30_wait_loaded,41664,4166500,11,11,off,loaded,fixed,sleep,dxgi,65,8,1,1,0,9335,333313,333312,333398,400,332,331,0,0,0,0,0,8,0,7,0,0,0,0,High performance,2,0,,14540,1000,0
hp-240hz-single-plain-vulkan,fps60_vsync_idle,41664,4166400,28,28,off,idle,fixed,vsync,dxgi,65,4,1,1,0,9189,166659,165662,167507,600,532,529,1,1,0,2,0,4,1,13,0,0,0,0,High performance,2,0,,14167,1000,0
hp-240hz-single-plain-vulkan,fps60_vsync_loaded,41664,4166500,9,9,off,loaded,fixed,vsync,dxgi,65,4,1,1,0,9290,166656,165919,170343,600,532,525,4,2,0,22,0,4,2,13,0,0,0,0,High performance,2,0,,14282,1000,0
hp-240hz-single-plain-vulkan,fps60_vsync_plain_idle,41664,0,0,0,off,idle,fixed,vsync,dxgi,65,4,1,0,0,9135,166672,165357,168341,600,0,0,0,0,0,0,0,4,1,13,0,0,0,0,High performance,2,0,,0,1000,0
hp-240hz-single-plain-vulkan,fps60_vsync_plain_loaded,41664,0,0,0,off,loaded,fixed,vsync,dxgi,65,4,1,0,0,9269,166656,165336,167953,600,0,0,0,0,0,0,0,4,0,13,0,0,0,0,High performance,2,0,,0,1000,0
hp-240hz-single-plain-vulkan,fps60_wait_idle,41664,4166500,25,25,off,idle,fixed,sleep,dxgi,65,4,1,1,0,9083,166657,166656,166692,600,532,529,2,0,0,3,0,4,1,13,0,0,0,0,High performance,2,0,,8094,1000,0
hp-240hz-single-plain-vulkan,fps60_wait_loaded,41664,4166400,12,12,off,loaded,fixed,sleep,dxgi,65,4,1,1,0,9360,166657,166656,170005,600,532,525,5,1,0,15,0,4,4,13,0,0,0,0,High performance,2,0,,26322,1000,15
hp-240hz-single-plain-vulkan,fps60_wait_plain_idle,41664,0,0,0,off,idle,fixed,sleep,dxgi,65,4,1,0,0,9122,166657,166656,166664,600,0,0,0,0,0,0,0,4,1,13,0,0,0,0,High performance,2,0,,0,1000,0
hp-240hz-single-plain-vulkan,fps60_wait_plain_loaded,41664,0,0,0,off,loaded,fixed,sleep,dxgi,65,4,1,0,0,9315,166657,166656,166696,600,0,0,0,0,0,0,0,4,0,13,0,0,0,0,High performance,2,0,,0,1000,15
hp-240hz-single-plain-vulkan,w130_vsync_idle,41664,4166500,24,24,off,idle,adaptive,vsync,dxgi,65,1,1,1,0,52375,83320,82214,84528,2400,2330,2312,9,7,2,21,49,2,48,49,0,0,0,0,High performance,2,0,,14211,1000,0
hp-240hz-single-plain-vulkan,w130_vsync_loaded,41664,4166500,11,11,off,loaded,adaptive,vsync,dxgi,65,1,1,1,0,52615,83328,80094,87436,2400,2332,2315,10,6,0,41,49,2,48,49,0,0,0,0,High performance,2,0,,14329,1000,0
hp-240hz-single-plain-vulkan,w130_vsync_plain_idle,41664,0,0,0,off,idle,adaptive,vsync,dxgi,65,1,1,0,0,52112,83326,82532,84095,2400,0,0,0,0,0,0,49,2,48,49,0,0,0,0,High performance,2,0,,0,1000,0
hp-240hz-single-plain-vulkan,w130_vsync_plain_loaded,41664,0,0,0,off,loaded,adaptive,vsync,dxgi,65,1,1,0,0,52410,83328,79158,89919,2400,0,0,0,0,0,0,49,2,48,49,0,0,0,0,High performance,2,0,,0,1001,0
hp-240hz-single-plain-vulkan,w130_wait_idle,41664,4166500,36,36,off,idle,adaptive,sleep,dxgi,65,1,1,1,0,52393,83329,83328,83409,2400,2331,2163,85,81,1,95,49,2,48,49,0,0,0,0,High performance,2,0,,32424,1000,0
hp-240hz-single-plain-vulkan,w130_wait_loaded,41664,4166500,5,5,off,loaded,adaptive,sleep,dxgi,65,1,1,1,0,52529,83329,83328,83375,2400,2332,2321,7,3,0,44,49,2,48,49,0,0,0,0,High performance,2,0,,22558,1000,0
hp-240hz-single-plain-vulkan,w20_idle,41664,4166500,35,35,off,idle,adaptive,vsync,dxgi,65,1,1,1,0,9128,41659,38802,43987,2400,2327,2318,3,0,5,6,0,1,6,49,0,0,0,0,High performance,2,0,,152424,1000,0
hp-240hz-single-plain-vulkan,w20_loaded,41664,4166500,13,13,off,loaded,adaptive,vsync,dxgi,65,1,1,1,0,9273,41632,40210,43212,2400,2326,2317,6,0,6,42,0,1,7,49,0,0,0,0,High performance,2,0,,152379,1000,0
hp-240hz-single-plain-vulkan,w90_flight1_idle,41664,4166500,50,50,off,idle,adaptive,vsync,dxgi,65,1,1,1,0,36844,83285,39129,84661,2400,2322,2294,15,2,10,27,434,2,48,49,0,0,0,0,High performance,2,0,,14242,1000,0
hp-240hz-single-plain-vulkan,w90_flight1_loaded,41664,4166500,54,54,off,loaded,adaptive,vsync,dxgi,65,1,1,1,0,37061,83245,39263,84290,2400,2325,2312,5,1,7,33,743,2,48,49,0,0,0,0,High performance,2,0,,14362,1000,0
hp-240hz-single-plain-vulkan,w90_flight2_idle,41664,4166500,39,39,off,idle,adaptive,vsync,dxgi,65,1,2,1,0,36763,83313,38175,84726,2400,2307,2263,14,4,25,46,263,2,48,49,0,0,0,0,High performance,2,0,,14226,1000,0
hp-240hz-single-plain-vulkan,w90_flight2_loaded,41664,4166500,49,49,off,loaded,adaptive,vsync,dxgi,65,1,2,1,0,37118,83255,37957,93132,2400,2327,2289,19,13,5,51,627,2,48,49,0,0,0,0,High performance,2,0,,14346,1001,0
hp-240hz-single-plain-vulkan,w90_idle,41664,4166500,41,41,off,idle,adaptive,vsync,dxgi,65,1,1,1,0,36810,83290,39020,84700,2400,2321,2299,6,4,11,15,378,2,48,49,0,0,0,0,High performance,2,0,,14246,1000,0
hp-240hz-single-plain-vulkan,w90_loaded,41664,4166500,36,36,off,loaded,adaptive,vsync,dxgi,65,1,1,1,0,37095,83265,39453,86394,2400,2327,2300,12,9,5,42,588,2,48,49,0,0,0,0,High performance,2,0,,14349,1001,0
hp-240hz-single-vrr-probe-gsync-on,displayrate_idle,41664,4166400,8,8,fullscreenOnly,idle,adaptive,sleep,dxgi,65,1,1,1,0,9090,41640,39187,43567,1800,1728,1724,0,0,4,0,0,1,5,49,0,0,0,0,High performance,2,0,,135786,1000,0
hp-240hz-single-vrr-probe-gsync-on,displayrate_loaded,41664,4166500,55,55,fullscreenOnly,loaded,adaptive,sleep,dxgi,65,1,1,1,0,9288,41620,40212,43210,1800,1732,1731,0,0,0,0,0,1,4,49,0,0,0,0,High performance,2,0,,135521,1000,0
hp-240hz-single-vrr-probe-gsync-on,fps120_idle,41664,4166600,4,4,fullscreenOnly,idle,fixed,sleep,dxgi,65,2,1,1,0,9026,83329,83328,83377,1200,1127,786,116,219,5,128,0,2,1,25,0,0,0,0,High performance,2,0,,-37715,2001,1000
hp-240hz-single-vrr-probe-gsync-on,fps120_loaded,41664,4166500,21,21,fullscreenOnly,loaded,fixed,sleep,dxgi,65,2,1,1,0,9381,83329,83328,83411,1200,1132,1127,2,2,0,9,0,2,1,25,0,0,0,0,High performance,2,0,,24357,1000,0
hp-240hz-single-vrr-probe-gsync-on,fps30_idle,41664,4166500,31,31,fullscreenOnly,idle,fixed,sleep,dxgi,65,8,1,1,0,9171,333313,333312,333332,400,332,329,1,1,0,3,0,8,0,7,0,0,0,0,High performance,2,0,,32914,1000,0
hp-240hz-single-vrr-probe-gsync-on,fps30_loaded,41664,4166400,18,18,fullscreenOnly,loaded,fixed,sleep,dxgi,65,8,1,1,0,9305,333313,333312,333363,400,332,327,3,1,0,6,0,8,2,7,0,0,0,0,High performance,2,0,,23031,1000,0
hp-240hz-single-vrr-probe-gsync-on,fps60_idle,41664,4166400,36,36,fullscreenOnly,idle,fixed,sleep,dxgi,65,4,1,1,0,9099,166657,166656,166682,600,531,526,1,2,1,4,0,4,1,13,0,0,0,0,High performance,2,0,,16598,999,0
hp-240hz-single-vrr-probe-gsync-on,fps60_loaded,41664,4166400,12,12,fullscreenOnly,loaded,fixed,sleep,dxgi,65,4,1,1,0,9406,166657,166656,166796,600,532,531,0,0,0,0,0,4,0,13,0,0,0,0,High performance,2,0,,30423,1000,31
hp-240hz-single-vrr-probe-gsync-on,fps80_idle,41664,4166400,11,11,fullscreenOnly,idle,fixed,sleep,dxgi,65,3,1,1,0,9092,124993,124992,124997,800,732,728,2,1,0,2,0,3,0,17,0,0,0,0,High performance,2,0,,29290,1000,0
hp-240hz-single-vrr-probe-gsync-on,fps80_loaded,41664,4166500,9,9,fullscreenOnly,loaded,fixed,sleep,dxgi,65,3,1,1,0,9265,124993,124992,125042,800,732,726,4,1,0,41,0,3,3,17,0,0,0,0,High performance,2,0,,13011,1000,0
hp-240hz-vrr-probe-gsync-off,displayrate_idle,41664,4166400,7,7,off,idle,adaptive,sleep,dxgi,65,1,1,1,0,9113,41657,39769,43620,1800,1730,1726,2,0,2,10,0,1,3,49,0,0,0,0,High performance,2,0,,152569,1000,0
hp-240hz-vrr-probe-gsync-off,displayrate_loaded,41664,4166500,1,1,off,loaded,adaptive,sleep,dxgi,65,1,1,1,0,9193,41646,39713,43610,1800,1729,1725,1,0,3,7,0,1,4,49,0,0,0,0,High performance,2,0,,152501,1000,0
hp-240hz-vrr-probe-gsync-off,fps120_idle,41664,4166500,28,28,off,idle,fixed,sleep,dxgi,65,2,1,1,0,9077,83329,83328,83410,1200,1132,1123,5,3,0,11,0,2,2,25,0,0,0,0,High performance,2,0,,13194,1000,0
hp-240hz-vrr-probe-gsync-off,fps120_loaded,41664,4166500,21,21,off,loaded,fixed,sleep,dxgi,65,2,1,1,0,9290,83329,83328,83369,1200,1132,1121,5,5,0,19,0,2,3,25,0,0,0,0,High performance,2,0,,8719,1000,0
hp-240hz-vrr-probe-gsync-off,fps30_idle,41664,4166400,26,26,off,idle,fixed,sleep,dxgi,65,8,1,1,0,9168,333313,333312,333314,400,332,257,37,37,0,37,0,8,0,7,0,0,0,0,High performance,2,0,,45425,1000,0
hp-240hz-vrr-probe-gsync-off,fps30_loaded,41664,4166500,11,11,off,loaded,fixed,sleep,dxgi,65,8,1,1,0,9433,333313,333312,333917,400,332,329,1,1,0,1,0,8,0,7,0,0,0,0,High performance,2,0,,18562,1000,0
hp-240hz-vrr-probe-gsync-off,fps60_idle,41664,4166400,20,20,off,idle,fixed,sleep,dxgi,65,4,1,1,0,9126,166657,166656,166705,600,532,527,2,2,0,3,0,4,0,13,0,0,0,0,High performance,2,0,,16175,1000,0
hp-240hz-vrr-probe-gsync-off,fps60_loaded,41664,4166400,9,9,off,loaded,fixed,sleep,dxgi,65,4,1,1,0,9266,166657,166656,166672,600,532,531,0,0,0,0,0,4,0,13,0,0,0,0,High performance,2,0,,41335,1000,0
hp-240hz-vrr-probe-gsync-off,fps80_idle,41664,4166400,18,18,off,idle,fixed,sleep,dxgi,65,3,1,1,0,9116,124993,124992,125069,800,731,727,1,1,1,13,0,3,2,17,0,0,0,0,High performance,2,0,,28268,1000,0
hp-240hz-vrr-probe-gsync-off,fps80_loaded,41664,4166500,11,11,off,loaded,fixed,sleep,dxgi,65,3,1,1,0,9403,124993,124992,125066,800,732,728,2,1,0,23,0,3,2,17,0,0,0,0,High performance,2,0,,23169,1000,0
hp-50hz-single-phase-sweep,phase05_idle,200000,20000300,9,9,off,idle,fixed,vsync,dxgi,5,2,1,1,0,4233,400010,398761,401231,400,332,331,0,0,0,0,0,2,0,6,0,0,0,0,High performance,2,0,,189208,1000,0
hp-50hz-single-phase-sweep,phase05_loaded,200000,19999700,6,6,off,loaded,fixed,vsync,dxgi,5,2,1,1,0,4437,400008,398423,401517,400,332,331,0,0,0,0,0,2,0,6,0,0,0,0,High performance,2,0,,189468,1000,0
hp-50hz-single-phase-sweep,phase15_idle,200000,20000400,10,10,off,idle,fixed,vsync,dxgi,15,2,1,1,0,4297,399996,398892,401066,400,332,331,0,0,0,0,0,2,0,6,0,0,0,0,High performance,2,0,,169357,1000,0
hp-50hz-single-phase-sweep,phase15_loaded,200000,20000000,21,21,off,loaded,fixed,vsync,dxgi,15,2,1,1,0,4453,400005,394881,405236,400,332,329,1,1,0,4,0,2,1,6,0,0,0,0,High performance,2,0,,169438,1000,0
hp-50hz-single-phase-sweep,phase25_idle,200000,20000200,28,28,off,idle,fixed,vsync,dxgi,25,2,1,1,0,4316,400023,397553,402162,400,332,329,1,1,0,1,0,2,0,6,0,0,0,0,High performance,2,0,,149347,1000,0
hp-50hz-single-phase-sweep,phase25_loaded,200000,20000000,22,22,off,loaded,fixed,vsync,dxgi,25,2,1,1,0,4450,400007,398254,410090,400,332,329,2,0,0,7,0,2,2,6,0,0,0,0,High performance,2,0,,149445,1000,0
hp-50hz-single-phase-sweep,phase35_idle,200000,20000300,38,38,off,idle,fixed,vsync,dxgi,35,2,1,1,0,4309,399994,399212,400826,400,332,331,0,0,0,0,0,2,0,6,0,0,0,0,High performance,2,0,,129312,1000,0
hp-50hz-single-phase-sweep,phase35_loaded,200000,20000000,24,24,off,loaded,fixed,vsync,dxgi,35,2,1,1,0,4440,400007,399337,402746,400,332,330,1,0,0,1,0,2,1,6,0,0,0,0,High performance,2,0,,129442,1000,0
hp-50hz-single-phase-sweep,phase45_idle,200000,20000100,35,35,off,idle,fixed,vsync,dxgi,45,2,1,1,0,4330,400011,399075,400882,400,332,328,2,1,0,2,0,2,1,6,0,0,0,0,High performance,2,0,,109280,1000,0
hp-50hz-single-phase-sweep,phase45_loaded,200000,20000000,21,21,off,loaded,fixed,vsync,dxgi,45,2,1,1,0,4467,400006,388305,414089,400,332,327,3,1,0,5,0,2,2,6,0,0,0,0,High performance,2,0,,109434,1000,0
hp-50hz-single-phase-sweep,phase55_idle,200000,20000100,34,34,off,idle,fixed,vsync,dxgi,55,2,1,1,0,4315,400022,398424,401509,400,332,329,1,1,0,1,0,2,0,6,0,0,0,0,High performance,2,0,,89274,1000,0
hp-50hz-single-phase-sweep,phase55_loaded,200000,20000100,19,19,off,loaded,fixed,vsync,dxgi,55,2,1,1,0,4400,400006,397306,401017,400,332,329,1,1,0,1,0,2,1,6,0,0,0,0,High performance,2,0,,89427,1000,0
hp-50hz-single-phase-sweep,phase65_idle,200000,20000300,37,37,off,idle,fixed,vsync,dxgi,65,2,1,1,0,4290,400009,398786,400896,400,332,331,0,0,0,0,0,2,0,6,0,0,0,0,High performance,2,0,,69275,1000,0
hp-50hz-single-phase-sweep,phase65_loaded,200000,20000200,20,20,off,loaded,fixed,vsync,dxgi,65,2,1,1,0,4395,400011,392046,404702,400,332,329,1,1,0,1,0,2,0,6,0,0,0,0,High performance,2,0,,69444,1000,0
hp-50hz-single-phase-sweep,phase75_idle,200000,20000300,31,31,off,idle,fixed,vsync,dxgi,75,2,1,1,0,4306,399995,397988,401474,400,332,329,1,1,0,2,0,2,1,6,0,0,0,0,High performance,2,0,,49287,1000,0
hp-50hz-single-phase-sweep,phase75_loaded,200000,20000100,19,19,off,loaded,fixed,vsync,dxgi,75,2,1,1,0,4425,400007,385193,414735,400,332,323,4,4,0,5,0,2,1,6,0,0,0,0,High performance,2,0,,49404,1000,0
hp-50hz-single-phase-sweep,phase85_idle,200000,20000400,34,34,off,idle,fixed,vsync,dxgi,85,2,1,1,0,4294,400037,398089,401461,400,332,329,1,1,0,1,0,2,0,6,0,0,0,0,High performance,2,0,,29239,1000,0
hp-50hz-single-phase-sweep,phase85_loaded,200000,20000000,21,21,off,loaded,fixed,vsync,dxgi,85,2,1,1,0,4403,400009,398299,401720,400,332,331,0,0,0,0,0,2,0,6,0,0,0,0,High performance,2,0,,29413,1000,0
hp-50hz-single-phase-sweep,phase95_idle,200000,20000300,39,39,off,idle,fixed,vsync,dxgi,95,2,1,1,0,4257,400034,398373,401236,400,332,327,2,2,0,2,0,2,0,6,0,0,0,0,High performance,2,0,,9150,1000,0
hp-50hz-single-phase-sweep,phase95_loaded,200000,20000100,15,15,off,loaded,fixed,vsync,dxgi,95,2,1,1,0,4417,400006,395734,402747,400,332,323,4,4,0,7,0,2,2,6,0,0,0,0,High performance,2,0,,9346,1000,0
hp-50hz-single-plain-vulkan,fps25_vsync_idle,200000,20000200,35,35,off,idle,fixed,vsync,dxgi,65,2,1,1,0,42644,400021,398636,400977,400,332,331,0,0,0,0,0,2,0,6,0,0,0,0,High performance,2,0,,69271,1000,0
hp-50hz-single-plain-vulkan,fps25_vsync_loaded,200000,20000100,21,21,off,loaded,fixed,vsync,dxgi,65,2,1,1,0,42898,400016,330026,470500,400,332,320,6,5,0,6,0,2,1,6,0,0,0,0,High performance,2,0,,69421,1001,62
hp-50hz-single-plain-vulkan,fps25_vsync_plain_idle,200000,0,0,0,off,idle,fixed,vsync,dxgi,65,2,1,0,0,42592,399998,398920,401086,400,0,0,0,0,0,0,0,2,0,6,0,0,0,0,High performance,2,0,,0,1000,0
hp-50hz-single-plain-vulkan,fps25_vsync_plain_loaded,200000,0,0,0,off,loaded,fixed,vsync,dxgi,65,2,1,0,0,42673,400004,398173,401550,400,0,0,0,0,0,0,0,2,0,6,0,0,0,0,High performance,2,0,,0,1000,0
hp-50hz-single-plain-vulkan,fps25_wait_idle,200000,20000400,11,11,off,idle,fixed,sleep,dxgi,65,2,1,1,0,42631,400001,400000,400010,400,332,331,0,0,0,0,0,2,0,6,0,0,0,0,High performance,2,0,,86600,1000,0
hp-50hz-single-plain-vulkan,fps25_wait_loaded,200000,19999400,7,7,off,loaded,fixed,sleep,dxgi,65,2,1,1,0,42843,400001,400000,400033,400,332,331,0,0,0,0,0,2,0,6,0,0,0,0,High performance,2,0,,28343,1000,0
hp-50hz-single-plain-vulkan,fps25_wait_plain_idle,200000,0,0,0,off,idle,fixed,sleep,dxgi,65,2,1,0,0,42580,400001,400000,400002,400,0,0,0,0,0,0,0,2,0,6,0,0,0,0,High performance,2,0,,0,1000,0
hp-50hz-single-plain-vulkan,fps25_wait_plain_loaded,200000,0,0,0,off,loaded,fixed,sleep,dxgi,65,2,1,0,0,42793,400001,400000,400109,400,0,0,0,0,0,0,0,2,1,6,0,0,0,0,High performance,2,0,,0,1000,0
hp-50hz-single-plain-vulkan,w130_vsync_idle,200000,20000100,37,37,off,idle,adaptive,vsync,dxgi,65,1,1,1,0,262671,400009,398969,400992,750,682,681,0,0,0,0,11,2,10,11,0,0,0,0,High performance,2,0,,69291,1000,0
hp-50hz-single-plain-vulkan,w130_vsync_loaded,200000,19999900,26,26,off,loaded,adaptive,vsync,dxgi,65,1,1,1,0,262918,400009,394275,410654,750,682,678,3,0,0,4,11,2,10,11,0,0,0,0,High performance,2,0,,69413,1000,0
hp-50hz-single-plain-vulkan,w130_vsync_plain_idle,200000,0,0,0,off,idle,adaptive,vsync,dxgi,65,1,1,0,0,262588,400012,399304,400742,750,0,0,0,0,0,0,11,2,10,11,0,0,0,0,High performance,2,0,,0,1000,0
hp-50hz-single-plain-vulkan,w130_vsync_plain_loaded,200000,0,0,0,off,loaded,adaptive,vsync,dxgi,65,1,1,0,0,262830,400008,396414,403436,750,0,0,0,0,0,0,11,2,10,11,0,0,0,0,High performance,2,0,,0,1000,0
hp-50hz-single-plain-vulkan,w130_wait_idle,200000,20000200,33,33,off,idle,adaptive,sleep,dxgi,65,1,1,1,0,262666,400001,400000,400012,750,682,681,0,0,0,0,11,2,10,11,0,0,0,0,High performance,2,0,,189212,1000,0
hp-50hz-single-plain-vulkan,w130_wait_loaded,200000,20000200,21,21,off,loaded,adaptive,sleep,dxgi,65,1,1,1,0,262923,400001,400000,400087,750,682,669,6,6,0,6,11,2,10,11,0,0,0,0,High performance,2,0,,9500,1000,0
hp-50hz-single-plain-vulkan,w20_idle,200000,20000100,36,36,off,idle,adaptive,vsync,dxgi,65,1,1,1,0,42644,200017,197091,202828,750,681,679,0,0,1,0,0,1,1,11,0,0,0,0,High performance,2,0,,750769,1000,0
hp-50hz-single-plain-vulkan,w20_loaded,200000,19999500,34,34,off,loaded,adaptive,vsync,dxgi,65,1,1,1,0,42736,200015,63131,201606,750,677,673,1,0,5,1,0,1,2,11,0,0,0,0,High performance,2,0,,750989,1000,0
hp-50hz-single-plain-vulkan,w90_flight1_idle,200000,19999900,37,37,off,idle,adaptive,vsync,dxgi,65,1,1,1,0,182593,200000,197939,201772,750,682,681,0,0,0,0,0,1,0,11,0,0,0,0,High performance,2,0,,611605,1000,0
hp-50hz-single-plain-vulkan,w90_flight1_loaded,200000,20000100,18,18,off,loaded,adaptive,vsync,dxgi,65,1,1,1,0,182813,199981,183860,202395,750,680,677,0,0,2,0,0,1,2,11,0,0,0,0,High performance,2,0,,611008,1000,0
hp-50hz-single-plain-vulkan,w90_flight2_idle,200000,20000300,43,43,off,idle,adaptive,vsync,dxgi,65,1,2,1,0,182553,200008,197524,202300,750,682,681,0,0,0,0,0,1,0,11,0,0,0,0,High performance,2,0,,811483,1000,0
hp-50hz-single-plain-vulkan,w90_flight2_loaded,200000,20000100,19,19,off,loaded,adaptive,vsync,dxgi,65,1,2,1,0,182699,199992,182851,201763,750,677,673,1,0,5,2,0,1,1,11,0,0,0,0,High performance,2,0,,810950,1000,0
hp-50hz-single-plain-vulkan,w90_idle,200000,20000000,37,37,off,idle,adaptive,vsync,dxgi,65,1,1,1,0,182589,200014,197159,202258,750,682,681,0,0,0,0,0,1,0,11,0,0,0,0,High performance,2,0,,611674,1000,0
hp-50hz-single-plain-vulkan,w90_loaded,200000,19999700,26,26,off,loaded,adaptive,vsync,dxgi,65,1,1,1,0,182809,199991,183367,201950,750,681,679,0,0,1,0,0,1,1,11,0,0,0,0,High performance,2,0,,611047,1000,0
hp-50hz-single-present-scheduling,half_scheduled_idle,200000,20000400,10,10,off,idle,fixed,scheduled,dxgi,65,2,1,1,1,2763,400001,400000,400003,400,332,331,0,0,0,0,0,2,0,6,396,1,1,0,High performance,2,0,,133220,1000,0
hp-50hz-single-present-scheduling,half_scheduled_loaded,200000,19999600,5,5,off,loaded,fixed,scheduled,dxgi,65,2,1,1,1,2779,400001,400000,400030,400,332,330,1,0,0,1,0,2,1,6,396,1,1,0,High performance,2,0,,128161,1000,0
hp-50hz-single-present-scheduling,half_wait_idle,200000,20000200,30,30,off,idle,fixed,sleep,dxgi,65,2,1,1,1,2674,400001,400000,400003,400,332,329,1,1,0,1,0,2,0,6,396,1,1,0,High performance,2,0,,68730,1000,0
hp-50hz-single-present-scheduling,half_wait_loaded,200000,19999900,18,18,off,loaded,fixed,sleep,dxgi,65,2,1,1,1,2762,400001,400000,400066,400,331,326,1,2,1,5,0,2,1,6,396,1,1,3,High performance,2,0,,95878,1000,0
hp-50hz-single-present-scheduling,slow_scheduled_idle,200000,20000400,45,45,off,idle,fixed,scheduled,dxgi,65,5,1,1,1,2840,1000001,1000000,1000003,400,0,0,0,0,332,0,0,5,0,3,1,1,396,0,High performance,2,0,,0,1000,0
hp-50hz-single-present-scheduling,slow_scheduled_loaded,200000,20000300,19,19,off,loaded,fixed,scheduled,dxgi,65,5,1,1,1,2993,1000001,1000000,1000018,400,115,114,0,0,217,0,0,5,1,3,174,1,223,0,High performance,2,0,,244365,1000,0
hp-50hz-single-present-scheduling,slow_wait_idle,200000,20000400,56,56,off,idle,fixed,sleep,dxgi,65,5,1,1,1,2849,1000001,1000000,1000021,400,278,222,0,1,54,0,0,5,0,3,341,1,55,2,High performance,2,0,,240594,1000,0
hp-50hz-single-present-scheduling,slow_wait_loaded,200000,20000400,17,17,off,loaded,fixed,sleep,dxgi,65,5,1,1,1,2979,1000001,1000000,1000067,400,276,219,0,0,56,0,0,5,1,3,339,1,57,1,High performance,2,0,,215846,1000,0
hp-50hz-single-present-scheduling,w130_scheduled_idle,200000,20000300,38,38,off,idle,adaptive,scheduled,dxgi,65,1,1,1,1,262680,400001,400000,400002,600,532,531,0,0,0,0,12,2,10,11,595,1,2,3,High performance,2,0,,102991,1000,0
hp-50hz-single-present-scheduling,w130_scheduled_loaded,200000,20000000,20,20,off,loaded,adaptive,scheduled,dxgi,65,1,1,1,1,262949,400001,400000,400047,600,532,531,0,0,0,0,12,2,10,11,597,1,0,3,High performance,2,0,,105278,1000,0
hp-50hz-single-present-scheduling,w130_wait_idle,200000,20000400,35,35,off,idle,adaptive,sleep,dxgi,65,1,1,1,1,262682,400001,400000,400002,600,532,529,1,1,0,1,12,2,10,11,596,1,1,3,High performance,2,0,,109752,1000,0
hp-50hz-single-present-scheduling,w130_wait_loaded,200000,19999900,19,19,off,loaded,adaptive,sleep,dxgi,65,1,1,1,1,262948,400001,400000,400207,600,532,530,1,0,0,1,12,2,10,11,597,1,0,3,High performance,2,0,,196640,1000,0
hp-60hz-both-displays-60hz-present-scheduling,half_scheduled_idle,166675,16667900,15,15,off,idle,fixed,scheduled,dxgi,65,2,1,1,1,1393,333351,333350,333352,400,332,331,0,0,0,0,0,2,0,7,396,1,1,0,High performance,2,0,,121984,1000,0
hp-60hz-both-displays-60hz-present-scheduling,half_scheduled_loaded,166675,16668000,6,6,off,loaded,fixed,scheduled,dxgi,65,2,1,1,1,1576,333351,333350,333556,400,332,330,1,0,0,1,0,2,0,7,396,1,1,0,High performance,2,0,,162138,1000,0
hp-60hz-both-displays-60hz-present-scheduling,slow_scheduled_idle,166675,16668000,13,13,off,idle,fixed,scheduled,dxgi,65,3,1,1,1,1432,500026,500025,500027,400,332,331,0,0,0,0,0,3,0,5,397,1,0,0,High performance,2,0,,31817,1000,0
hp-60hz-both-displays-60hz-present-scheduling,slow_scheduled_loaded,166675,16668000,4,4,off,loaded,fixed,scheduled,dxgi,65,3,1,1,1,1575,500026,500025,500054,400,332,331,0,0,0,0,0,3,1,5,398,1,0,0,High performance,2,0,,35748,1000,0
hp-60hz-both-displays-60hz-present-scheduling,w130_scheduled_idle,166675,16668000,12,12,off,idle,adaptive,scheduled,dxgi,65,1,1,1,1,221337,333351,333350,333352,600,532,530,1,0,0,1,14,2,12,13,596,1,1,3,High performance,2,0,,194792,1000,0
hp-60hz-both-displays-60hz-present-scheduling,w130_scheduled_loaded,166675,16667900,6,6,off,loaded,adaptive,scheduled,dxgi,65,1,1,1,1,221573,333351,333350,333383,600,532,524,6,1,0,7,14,2,12,13,597,1,0,10,High performance,2,0,,119918,1000,0
hp-60hz-present-scheduling,half_scheduled_idle,166675,8333200,13,13,off,idle,fixed,scheduled,dxgi,65,2,1,1,1,1468,666702,645988,672627,400,332,0,331,0,0,662,0,2,31,7,394,1,1,784,High performance,2,0,,2659221,1000,0
hp-60hz-present-scheduling,half_scheduled_loaded,166675,8333500,1,1,off,loaded,fixed,scheduled,dxgi,65,2,1,1,1,1512,666672,641978,668664,400,332,0,331,0,0,662,0,2,31,7,394,1,1,784,High performance,2,0,,2659729,1000,0
hp-60hz-present-scheduling,half_wait_idle,166675,8333400,8,8,off,idle,fixed,sleep,dxgi,65,2,1,1,1,1325,333351,333350,333401,400,332,329,1,1,0,1,0,2,0,7,397,1,0,0,High performance,2,0,,82841,1000,0
hp-60hz-present-scheduling,half_wait_loaded,166675,8333600,5,5,off,loaded,fixed,sleep,dxgi,65,2,1,1,1,1564,333351,333350,333427,400,332,331,0,0,0,0,0,2,0,7,397,1,0,0,High performance,2,0,,121189,1000,0
hp-60hz-present-scheduling,slow_scheduled_idle,166675,8333500,26,26,off,idle,fixed,scheduled,dxgi,65,3,1,1,1,1597,1000078,990372,1003769,400,332,0,331,0,0,993,0,3,22,5,395,1,1,1180,High performance,2,0,,2993576,1000,0
hp-60hz-present-scheduling,slow_scheduled_loaded,166675,8333500,3,3,off,loaded,fixed,scheduled,dxgi,65,3,1,1,1,1554,1000091,996199,1003401,400,332,0,331,0,0,993,0,3,22,5,396,1,0,1183,High performance,2,0,,2994573,1000,0
hp-60hz-present-scheduling,slow_wait_idle,166675,8333400,16,16,off,idle,fixed,sleep,dxgi,65,3,1,1,1,1395,500026,500025,500042,400,332,331,0,0,0,0,0,3,0,5,397,1,0,0,High performance,2,0,,86150,1000,0
hp-60hz-present-scheduling,slow_wait_loaded,166675,8333600,5,5,off,loaded,fixed,sleep,dxgi,65,3,1,1,1,1582,500026,500025,500116,400,332,327,2,2,0,4,0,3,1,5,396,1,1,3,High performance,2,0,,110291,1000,0
hp-60hz-present-scheduling,w130_scheduled_idle,166675,8333500,26,26,off,idle,adaptive,scheduled,dxgi,65,1,1,1,1,221416,666701,333350,1331020,600,522,352,159,0,10,347,14,4,12,13,583,1,13,405,High performance,2,0,,1772926,1000,0
hp-60hz-present-scheduling,w130_scheduled_loaded,166675,8333500,3,3,off,loaded,adaptive,scheduled,dxgi,65,1,1,1,1,221618,666701,333350,1331909,600,520,342,165,0,12,364,14,4,12,13,582,1,14,413,High performance,2,0,,1772894,1000,0
hp-60hz-present-scheduling,w130_wait_idle,166675,8333400,14,14,off,idle,adaptive,sleep,dxgi,65,1,1,1,1,221338,333351,333350,333352,600,532,531,0,0,0,0,14,2,12,13,596,1,1,3,High performance,2,0,,86993,1000,0
hp-60hz-present-scheduling,w130_wait_loaded,166675,8333500,3,3,off,loaded,adaptive,sleep,dxgi,65,1,1,1,1,221591,333351,333350,334597,600,532,524,4,3,0,9,14,2,12,13,597,1,0,10,High performance,2,0,,121501,1000,0
hp-60hz-single-phase-sweep,phase05_idle,166675,16667500,11,11,off,idle,fixed,vsync,dxgi,5,2,1,1,0,3431,333357,332072,334686,400,332,331,0,0,0,0,0,2,0,7,0,0,0,0,High performance,2,0,,157580,1000,0
hp-60hz-single-phase-sweep,phase05_loaded,166675,16667200,7,7,off,loaded,fixed,vsync,dxgi,5,2,1,1,0,3641,333358,332134,334518,400,332,331,0,0,0,0,0,2,0,7,0,0,0,0,High performance,2,0,,157890,1000,0
hp-60hz-single-phase-sweep,phase15_idle,166675,16667400,46,46,off,idle,fixed,vsync,dxgi,15,2,1,1,0,3524,333364,332362,334154,400,332,329,1,1,0,1,0,2,0,7,0,0,0,0,High performance,2,0,,141053,1000,0
hp-60hz-single-phase-sweep,phase15_loaded,166675,16667500,22,22,off,loaded,fixed,vsync,dxgi,15,2,1,1,0,3681,333353,319292,345353,400,330,326,0,1,2,4,0,2,0,7,0,0,0,0,High performance,2,0,,141211,1000,0
hp-60hz-single-phase-sweep,phase25_idle,166675,16667500,39,39,off,idle,fixed,vsync,dxgi,25,2,1,1,0,3515,333359,332437,334385,400,332,331,0,0,0,0,0,2,0,7,0,0,0,0,High performance,2,0,,124391,1000,0
hp-60hz-single-phase-sweep,phase25_loaded,166675,16667400,23,23,off,loaded,fixed,vsync,dxgi,25,2,1,1,0,3676,333357,310932,351481,400,332,326,4,1,0,8,0,2,1,7,0,0,0,0,High performance,2,0,,124538,1000,0
hp-60hz-single-phase-sweep,phase35_idle,166675,16667700,44,44,off,idle,fixed,vsync,dxgi,35,2,1,1,0,3534,333374,332268,334167,400,332,329,1,1,0,1,0,2,0,7,0,0,0,0,High performance,2,0,,107733,1000,0
hp-60hz-single-phase-sweep,phase35_loaded,166675,16667500,19,19,off,loaded,fixed,vsync,dxgi,35,2,1,1,0,3670,333363,325751,340741,400,332,328,2,1,0,5,0,2,1,7,0,0,0,0,High performance,2,0,,107855,1000,0
hp-60hz-single-phase-sweep,phase45_idle,166675,16667600,33,33,off,idle,fixed,vsync,dxgi,45,2,1,1,0,3520,333373,332057,334431,400,331,328,0,1,1,1,0,2,0,7,0,0,0,0,High performance,2,0,,91058,1000,0
hp-60hz-single-phase-sweep,phase45_loaded,166675,16667500,24,24,off,loaded,fixed,vsync,dxgi,45,2,1,1,0,3662,333353,330929,336287,400,332,331,0,0,0,0,0,2,0,7,0,0,0,0,High performance,2,0,,91186,1000,0
hp-60hz-single-phase-sweep,phase55_idle,166675,16667800,28,28,off,idle,fixed,vsync,dxgi,55,2,1,1,0,3486,333399,332262,334343,400,332,331,0,0,0,0,0,2,0,7,0,0,0,0,High performance,2,0,,74400,1000,0
hp-60hz-single-phase-sweep,phase55_loaded,166675,16667500,23,23,off,loaded,fixed,vsync,dxgi,55,2,1,1,0,3643,333352,325720,335775,400,332,329,1,1,0,5,0,2,1,7,0,0,0,0,High performance,2,0,,74514,1000,0
hp-60hz-single-phase-sweep,phase65_idle,166675,16667800,38,38,off,idle,fixed,vsync,dxgi,65,2,1,1,0,3513,333347,332377,334320,400,332,331,0,0,0,0,0,2,0,7,0,0,0,0,High performance,2,0,,57732,1000,0
hp-60hz-single-phase-sweep,phase65_loaded,166675,16667500,21,21,off,loaded,fixed,vsync,dxgi,65,2,1,1,0,3655,333359,325175,340569,400,332,329,1,1,0,1,0,2,0,7,0,0,0,0,High performance,2,0,,57836,1000,0
hp-60hz-single-phase-sweep,phase75_idle,166675,16667700,31,31,off,idle,fixed,vsync,dxgi,75,2,1,1,0,3515,333358,332222,334535,400,332,331,0,0,0,0,0,2,0,7,0,0,0,0,High performance,2,0,,41031,1000,0
hp-60hz-single-phase-sweep,phase75_loaded,166675,16667300,23,23,off,loaded,fixed,vsync,dxgi,75,2,1,1,0,3636,333357,330785,341084,400,332,329,2,0,0,2,0,2,1,7,0,0,0,0,High performance,2,0,,41175,1000,0
hp-60hz-single-phase-sweep,phase85_idle,166675,16667800,36,36,off,idle,fixed,vsync,dxgi,85,2,1,1,0,3488,333376,332195,334282,400,332,331,0,0,0,0,0,2,0,7,0,0,0,0,High performance,2,0,,24390,1000,0
hp-60hz-single-phase-sweep,phase85_loaded,166675,16667400,23,23,off,loaded,fixed,vsync,dxgi,85,2,1,1,0,3577,333357,325485,334555,400,332,329,1,1,0,1,0,2,0,7,0,0,0,0,High performance,2,0,,24503,1000,0
hp-60hz-single-phase-sweep,phase95_idle,166675,16667700,35,35,off,idle,fixed,vsync,dxgi,95,2,1,1,0,3465,333369,332077,334823,400,332,319,6,6,0,6,0,2,0,7,0,0,0,0,High performance,2,0,,7617,1000,0
hp-60hz-single-phase-sweep,phase95_loaded,166675,16667400,17,17,off,loaded,fixed,vsync,dxgi,95,2,1,1,0,3655,333354,330454,335991,400,332,321,5,5,0,5,0,2,1,7,0,0,0,0,High performance,2,0,,7790,1000,0
hp-60hz-single-plain-vulkan,fps20_vsync_idle,166675,16667800,30,30,off,idle,fixed,vsync,dxgi,65,3,1,1,0,31910,500055,498475,501434,400,332,329,1,1,0,1,0,3,0,5,0,0,0,0,High performance,2,0,,57750,1000,0
hp-60hz-single-plain-vulkan,fps20_vsync_loaded,166675,16667400,23,23,off,loaded,fixed,vsync,dxgi,65,3,1,1,0,32066,500032,493634,506632,400,332,328,2,1,0,5,0,3,1,5,0,0,0,0,High performance,2,0,,57854,1000,0
hp-60hz-single-plain-vulkan,fps20_vsync_plain_idle,166675,0,0,0,off,idle,fixed,vsync,dxgi,65,3,1,0,0,31837,500049,499064,500889,400,0,0,0,0,0,0,0,3,0,5,0,0,0,0,High performance,2,0,,0,1000,0
hp-60hz-single-plain-vulkan,fps20_vsync_plain_loaded,166675,0,0,0,off,loaded,fixed,vsync,dxgi,65,3,1,0,0,32004,500027,492369,507011,400,0,0,0,0,0,0,0,3,1,5,0,0,0,0,High performance,2,0,,0,1000,0
hp-60hz-single-plain-vulkan,fps20_wait_idle,166675,16667500,41,41,off,idle,fixed,sleep,dxgi,65,3,1,1,0,31922,500026,500025,500045,400,332,321,5,5,0,5,0,3,0,5,0,0,0,0,High performance,2,0,,8739,1000,0
hp-60hz-single-plain-vulkan,fps20_wait_loaded,166675,16667600,17,17,off,loaded,fixed,sleep,dxgi,65,3,1,1,0,32102,500026,500025,500117,400,332,331,0,0,0,0,0,3,1,5,0,0,0,0,High performance,2,0,,153839,1000,0
hp-60hz-single-plain-vulkan,fps20_wait_plain_idle,166675,0,0,0,off,idle,fixed,sleep,dxgi,65,3,1,0,0,31844,500026,500025,500030,400,0,0,0,0,0,0,0,3,0,5,0,0,0,0,High performance,2,0,,0,1000,0
hp-60hz-single-plain-vulkan,fps20_wait_plain_loaded,166675,0,0,0,off,loaded,fixed,sleep,dxgi,65,3,1,0,0,32041,500026,500025,500194,400,0,0,0,0,0,0,0,3,1,5,0,0,0,0,High performance,2,0,,0,1000,0
hp-60hz-single-plain-vulkan,fps30_vsync_idle,166675,16667700,32,32,off,idle,fixed,vsync,dxgi,65,2,1,1,0,31835,333362,332234,334272,450,382,381,0,0,0,0,0,2,0,7,0,0,0,0,High performance,2,0,,57755,1000,0
hp-60hz-single-plain-vulkan,fps30_vsync_loaded,166675,16667700,18,18,off,loaded,fixed,vsync,dxgi,65,2,1,1,0,32054,333350,327644,338772,450,382,381,0,0,0,0,0,2,0,7,0,0,0,0,High performance,2,0,,57855,1000,0
hp-60hz-single-plain-vulkan,fps30_wait_idle,166675,16667700,8,8,off,idle,fixed,sleep,dxgi,65,2,1,1,0,31829,333351,333350,333369,450,382,379,1,1,0,1,0,2,0,7,0,0,0,0,High performance,2,0,,66939,1000,0
hp-60hz-single-plain-vulkan,fps30_wait_loaded,166675,16667100,9,9,off,loaded,fixed,sleep,dxgi,65,2,1,1,0,31982,333351,333350,333371,450,382,381,0,0,0,0,0,2,0,7,0,0,0,0,High performance,2,0,,106875,1000,0
hp-60hz-single-plain-vulkan,w130_vsync_idle,166675,16667900,57,57,off,idle,adaptive,vsync,dxgi,65,1,1,1,0,221860,333355,332263,334430,900,832,827,3,1,0,3,13,2,12,13,0,0,0,0,High performance,2,0,,57733,1000,0
hp-60hz-single-plain-vulkan,w130_vsync_loaded,166675,16667400,23,23,off,loaded,adaptive,vsync,dxgi,65,1,1,1,0,222110,333358,329925,336726,900,832,827,3,1,0,9,13,2,12,13,0,0,0,0,High performance,2,0,,57854,1000,0
hp-60hz-single-plain-vulkan,w130_vsync_plain_idle,166675,0,0,0,off,idle,adaptive,vsync,dxgi,65,1,1,0,0,221790,333355,332175,334413,900,0,0,0,0,0,0,13,2,12,13,0,0,0,0,High performance,2,0,,0,1000,0
hp-60hz-single-plain-vulkan,w130_vsync_plain_loaded,166675,0,0,0,off,loaded,adaptive,vsync,dxgi,65,1,1,0,0,222036,333360,304637,342443,900,0,0,0,0,0,0,13,2,12,13,0,0,0,0,High performance,2,0,,0,1000,0
hp-60hz-single-plain-vulkan,w130_wait_idle,166675,16667900,44,44,off,idle,adaptive,sleep,dxgi,65,1,1,1,0,221868,333351,333350,333376,900,832,829,1,1,0,1,13,2,12,13,0,0,0,0,High performance,2,0,,98737,1000,0
hp-60hz-single-plain-vulkan,w130_wait_loaded,166675,16667600,21,21,off,loaded,adaptive,sleep,dxgi,65,1,1,1,0,222090,333351,333350,333402,900,832,830,1,0,0,1,13,2,12,13,0,0,0,0,High performance,2,0,,118523,1000,0
hp-60hz-single-plain-vulkan,w20_idle,166675,16667400,44,44,off,idle,adaptive,vsync,dxgi,65,1,1,1,0,31842,166655,164090,168990,900,832,831,0,0,0,0,0,1,1,13,0,0,0,0,High performance,2,0,,628445,1000,0
hp-60hz-single-plain-vulkan,w20_loaded,166675,16667400,31,31,off,loaded,adaptive,vsync,dxgi,65,1,1,1,0,31931,166698,164084,169112,900,832,831,0,0,0,0,0,1,1,13,0,0,0,0,High performance,2,0,,628875,1000,0
hp-60hz-single-plain-vulkan,w90_flight1_idle,166675,16667400,40,40,off,idle,adaptive,vsync,dxgi,65,1,1,1,0,151791,166639,153626,169755,900,829,825,0,0,3,0,0,1,4,13,0,0,0,0,High performance,2,0,,509660,1000,0
hp-60hz-single-plain-vulkan,w90_flight1_loaded,166675,16667700,34,34,off,loaded,adaptive,vsync,dxgi,65,1,1,1,0,152039,166594,153630,170552,900,826,819,1,0,6,1,0,1,2,13,0,0,0,0,High performance,2,0,,508915,1000,0
hp-60hz-single-plain-vulkan,w90_flight2_idle,166675,16667600,45,45,off,idle,adaptive,vsync,dxgi,65,1,2,1,0,151737,166667,164221,168858,900,832,831,0,0,0,0,0,1,2,13,0,0,0,0,High performance,2,0,,676034,1000,0
hp-60hz-single-plain-vulkan,w90_flight2_loaded,166675,16667300,37,37,off,loaded,adaptive,vsync,dxgi,65,1,2,1,0,151981,166650,152880,169278,900,827,823,1,0,5,2,0,1,1,13,0,0,0,0,High performance,2,0,,675422,1000,0
hp-60hz-single-plain-vulkan,w90_idle,166675,16667500,42,42,off,idle,adaptive,vsync,dxgi,65,1,1,1,0,151790,166652,153801,169065,900,831,829,0,0,1,0,0,1,2,13,0,0,0,0,High performance,2,0,,509620,1000,0
hp-60hz-single-plain-vulkan,w90_loaded,166675,16667400,31,31,off,loaded,adaptive,vsync,dxgi,65,1,1,1,0,151956,166618,153823,168685,900,827,823,0,0,5,3,0,1,2,13,0,0,0,0,High performance,2,0,,509380,1000,0
hp-60hz-single-present-scheduling,half_scheduled_idle,166675,16667800,9,9,off,idle,fixed,scheduled,dxgi,65,2,1,1,1,1914,333351,333350,333353,400,332,331,0,0,0,0,0,2,0,7,396,1,1,0,High performance,2,0,,12569,1000,0
hp-60hz-single-present-scheduling,half_scheduled_loaded,166675,16667200,8,8,off,loaded,fixed,scheduled,dxgi,65,2,1,1,1,2036,333351,333350,333377,400,332,331,0,0,0,0,0,2,0,7,396,1,1,0,High performance,2,0,,135029,1000,0
hp-60hz-single-present-scheduling,half_wait_idle,166675,16667700,34,34,off,idle,fixed,sleep,dxgi,65,2,1,1,1,1874,333351,333350,333391,400,331,328,0,1,1,1,0,2,0,7,395,1,2,0,High performance,2,0,,62747,1000,0
hp-60hz-single-present-scheduling,half_wait_loaded,166675,16667400,30,30,off,loaded,fixed,sleep,dxgi,65,2,1,1,1,2107,333351,333350,333404,400,332,331,0,0,0,0,0,2,0,7,397,1,0,0,High performance,2,0,,59385,1000,0
hp-60hz-single-present-scheduling,slow_scheduled_idle,166675,16667800,32,32,off,idle,fixed,scheduled,dxgi,65,3,1,1,1,1968,500026,500025,500051,400,332,331,0,0,0,0,0,3,0,5,397,1,0,0,High performance,2,0,,66439,1000,0
hp-60hz-single-present-scheduling,slow_scheduled_loaded,166675,16667400,19,19,off,loaded,fixed,scheduled,dxgi,65,3,1,1,1,2155,500026,500025,500074,400,332,322,5,4,0,5,0,3,0,5,396,1,1,0,High performance,2,0,,171719,1000,0
hp-60hz-single-present-scheduling,slow_wait_idle,166675,16667800,33,33,off,idle,fixed,sleep,dxgi,65,3,1,1,1,1924,500026,500025,500028,400,332,331,0,0,0,0,0,3,0,5,397,1,0,0,High performance,2,0,,121204,1000,0
hp-60hz-single-present-scheduling,slow_wait_loaded,166675,16667500,15,15,off,loaded,fixed,sleep,dxgi,65,3,1,1,1,2053,500026,500025,500084,400,332,331,0,0,0,0,0,3,0,5,397,1,0,0,High performance,2,0,,79071,1000,0
hp-60hz-single-present-scheduling,w130_scheduled_idle,166675,16667800,31,31,off,idle,adaptive,scheduled,dxgi,65,1,1,1,1,221862,333351,333350,333353,600,532,531,0,0,0,0,14,2,12,13,596,1,1,3,High performance,2,0,,154971,1000,0
hp-60hz-single-present-scheduling,w130_scheduled_loaded,166675,16667400,24,24,off,loaded,adaptive,scheduled,dxgi,65,1,1,1,1,222124,333351,333350,333410,600,532,530,1,0,0,1,14,2,12,13,596,1,1,4,High performance,2,0,,38809,1000,0
hp-60hz-single-present-scheduling,w130_wait_idle,166675,16667800,35,35,off,idle,adaptive,sleep,dxgi,65,1,1,1,1,221864,333351,333350,333390,600,532,531,0,0,0,0,14,2,12,13,596,1,1,4,High performance,2,0,,91116,1000,0
hp-60hz-single-present-scheduling,w130_wait_loaded,166675,16667600,23,23,off,loaded,adaptive,sleep,dxgi,65,1,1,1,1,222128,333351,333350,333384,600,532,529,1,1,0,3,14,2,12,13,596,1,1,5,High performance,2,0,,126596,1000,0
